,sequence_id,sequence,length,perplexity,mean_log_prob,pseudo_perplexity,mean_pll,pll
0,node238,MASVSESPVFDLPKVELHVHLDGAIRPETILDLAKKRGIELPADTVEELRKLITVDEPASLAEFLEKFDFFMPVIAGDREAIKRIAYEFVEDKAKQGVVYVEVRYSPHLLANSKVDPNQAEGDLTPEEVVEAVTQGLKEGEKDFGIKVRSILCCIRHMPEWSEEVVELCKKYRNQGVVGIDIAGDESQNDPAYPGHVKAFQEAKKHGIHRTVHAGEAGPAENVREAVDVLHAERIGHGYHVIEDPDIYKRVKEENVHFECCPTSSYLTGAVDPDWTKHPVVRFAEDGVNFSLNTDDPTIFQTTLDDDYKICQERMGFTEEEIKRLNLNAAKASFLPEDEKKELIDRLKKAYGMAQ,355,1.163789299651505,-0.1516813188791275,2.569109549432497,-0.9435593600494336,-334.963572817549
1,node239,MASTSQSPVFDLPKVELHVHLDGAIRPETILHFAKKRGIKLPADTVEELRNLITCDEPASLTEFLSKFDYFMPAIAGDREAIKRIAYEFVETKAKEGVVYVEVRYSPHLLANSKVDPIPWNQAEGDLTPEEVVNAVTQGLREGEKDFGIKVRSILCCIRHMPNWSDEVVELCKKYRNQGVVGIDIAGDESQNDSAYPGHVKAFQEAKKSGIHRTVHAGEVGPAENVREAVDVLKAERIGHGYHVIEDPEIYKRVLEENVHFEVCPWSSYLTGAWDPDWTKHPVVRFKEDGVNYSLNTDDPTIFKSTLDSDYKIVKERMGFTEEEFKRLNINAAKASFLPEDEKKELLDRLYKAYGMAQ,358,1.1450397143181787,-0.135439321398735,2.120447078207361,-0.7516269523974737,-269.0824489582956
2,node240,MASMSQTPVFDKPKVELHVHLDGAIRPETILHFAKKRGIKLPADTVEELQNLITCDEPASLTEFLSKFDYYMPAIAGDREAIKRIAYEFVETKAKEGVVYVEVRYSPHLLANSKVDPIPWNQAEGDLTPDEVVNLVNQGLREGERDFGIKVRSILCCMRHMPNWSPEVVELCKKYRNQGVVAIDLAGDESLNDSAYPGHVKAYEEAVKSGIHRTVHAGEVGPAEVVREAVDVLKAERIGHGYHTIEDPALYKRLLKENMHFEVCPWSSYLTGAWDPDFTKHPVVRFKKDKANYSLNTDDPLIFKSTLDTDYRIVKKHMGFTEEEFKRLNINAAKSSFLPEDEKKELLDRLYKAYGMAQSTS,361,1.121258832673132,-0.1144520118832588,1.8195899350438436,-0.5986111652870284,-216.0986306686173
3,node241,MSQSPVFDKPKVELHVHLDGAIKPETILYYGKKRGIPLPADTVEELQNIIGMDEPLSLPEFLAKFDYYMPAIAGDREAIKRIAYEFVEMKAKEGVVYVEVRYSPHLLANSKVEPIPWNQAEGDLTPDEVVALVNQGLQEGERDFGVKVRSILCCMRHMPNWSPEVVELCKKYRQQTVVAIDLAGDETIEDSSLFPGHVQAYEEAVKSGIHRTVHAGEVGSAEVVKEAVDVLKTERIGHGYHTLEDPALYNRLLKENMHFEVCPWSSYLTGAWKPDTEHAVVRFKNDKANYSLNTDDPLIFKSTLDTDYRMVKQQMGFTEEEFKRLNINAAKSSFLPENEKKELLDQLYKAYGMPQPVS,358,1.0866795241359843,-0.0831267386674881,1.5947876331258302,-0.4667405819965204,-167.0931283547543
4,node242,MSQTPAFNKPKVELHVHLDGAIKPETILYYGRKRGIPLPADTVEELQNIIGMDKPLSLPEFLAKFDYYMPAIAGCREAIKRIAYEFVEMKAKEGVVYVEVRYSPHLLANSKVEPIPWNQAEGDLTPDEVVALVNQGLQEGERDFGVKVRSILCCMRHQPNWSPEVVELCKKYRQQTVVAIDLAGDETIEGSSLFPGHVQAYEEAVKSGIHRTVHAGEVGSAEVVKEAVDILKTERLGHGYHTLEDEALYNRLLEENMHFEVCPWSSYLTGAWKPDTEHAVVRFKNDKANYSLNTDDPLIFKSTLDTDYQMTKQDMGFTEEEFKRLNINAAKSSFLPEDEKKELLDLLYKAYGMPPPVSAGQL,362,1.0772591728441916,-0.0744200125336647,1.5491088565139923,-0.4376798343134964,-158.4401000214857
5,node243,MAQTPAFNKPKVELHVHLDGAIKPETILYYGRKRGIPLPADTVEELQNIIGMDKPLSLPGFLAKFDYYMPAIAGCREAIKRIAYEFVEMKAKEGVVYVEVRYSPHLLANSKVEPIPWNQAEGDLTPDEVVALVNQGLQEGERDFGVKVRSILCCMRHQPNWSPEVVELCKKYQQQTVVAIDLAGDETIEGSSLFPGHVQAYEEAVKSGIHRTVHAGEVGSAEVVKEAVDILKTERLGHGYHTLEDEALYNRLLQENMHFEVCPWSSYLTGAWKPDTEHAVVRFKNDQANYSLNTDDPLIFKSTLDTDYQMTKQDMGFTEEEFKRLNINAAKSSFLPEDEKRELLDLLYKAYGMPPPASAGQL,362,1.0754292368717877,-0.0727198719978332,1.558367335238857,-0.443638693239115,-160.59720695255965
6,node244,MAQTPAFNKPKVELHVHLDGAIKPETILYYGRKRGIALPADTAEELQNIIGMDKPLSLPGFLAKFDYYMPAIAGCREAIKRIAYEFVEMKAKEGVVYVEVRYSPHLLANSKVEPIPWNQAEGDLTPDEVVALVNQGLQEGERDFGVKVRSILCCMRHQPNWSPEVVELCKKYQQQTVVAIDLAGDETIEGSSLFPGHVQAYEEAVKSGIHRTVHAGEVGSAEVVREAVDILKTERLGHGYHTLEDEALYNRLRQENMHFEVCPWSSYLTGAWKPDTEHAVVRFKNDQANYSLNTDDPLIFKSTLDTDYQMTKRDMGFTEEEFKRLNINAAKSSFLPEDEKRELLDLLYKAYGMPPPASAGQHP,363,1.0749974138989495,-0.0723182559013366,1.5332936085125035,-0.4274181069994892,-155.15277284081458
7,node246,MAQTPAFDKPKVELHVHLDGAIKPETILYYGRKRGIALPANTAEELQNIIGMDKPLSLPGFLAKFDYYMPAIAGCREAIKRIAYEFVEMKAKEGVVYVEVRYSPHLLANSKVEPIPWNQAEGDLTPDEVVALVSQGLQEGERDFGVKVRSILCCMRHQPNWSPEVVELCKKYQQQTVVAIDLAGDETIQGSSLFPGHVQAYEEAVKSGIHRTVHAGEVGSAEVVREAVDILKTERLGHGYHTLEDEALYNRLRQENMHFEVCPWSSYLTGAWKPDTEHAVVRFKNDQANYSLNTDDPLIFKSTLDTDYQMTKRDMGFTEEEFKRLNINAAKSSFLPEDEKRELLDLLYKAYGMPPSASAGQHP,363,1.0817661798633262,-0.0785950571298599,1.593981059062237,-0.4662346976513996,-169.24319524745806
8,node247,MAQTPAFDKPKVELHVHLDGAIKPETILYYGRKRGIALPANTAEELQNIIGMDKPLSLPGFLAKFDYYMPAIAGCREAIKRIAYEFVEMKAKEGVVYVEVRYSPHLLANSKVEPIPWNQAEGDLTPDEVVALVSQGLQEGERDFGVKVRSILCCMRHQPNWSPEVVELCKKYQQQTVVAIDLAGDETIQGSSLFPGHVQAYEEAVKSGIHRTVHAGEVGSAEVVREAVDILKTERLGHGYHTLEDEALYNRLRQENMHFEVCPWSSYLTGAWKPDTEHAVVRLKNDQANYSLNTDDPLIFKSTLDTDYQMTKRDMGFTEEEFKRLNINAAKSSFLPEDEKRELLDLLYKAYGMPPSASAGQHP,363,1.082142121357882,-0.078942522406578,1.598259385430389,-0.4689151529642968,-170.21620052603976
9,node248,MAQTPAFDKPKVELHVHLDGAIKPETILYYGRRRGIALPANTAEELQNIIGMDKPLSLPGFLAKFDYYMPAIAGCREAIKRIAYEFVEMKAKEGVVYVEVRYSPHLLANSKVEPIPWNQAEGDLTPDEVVALVSQGLQEGERDFGVKVRSILCCMRHQPNWSPEVVELCKKYQQQTVVAIDLAGDETIPGSSLFPGHVQAYEEAVKSGIHRTVHAGEVGSAEVVKEAVDILKTERLGHGYHTLEDEALYNRLRQENMHFEVCPWSSYLTGAWKPDTEHAVVRLKNDQANYSLNTDDPLIFKSTLDTDYQMTKRDMGFTEEEFKRLNINAAKSSFLPEDEKRELLDLLYKAYGMPPSASAGQHL,363,1.0847463372586312,-0.0813461691141128,1.610624762183952,-0.4766221547699698,-173.01384218149906
10,node251,MAQTPAFDKPKVELHVHLDGAIKPETILYYGRRRGIALPANTAEGLLNVIGMDKPLTLPDFLAKFDYYMPAIAGCREAIKRIAYEFVEMKAKEGVVYVEVRYSPHLLANSKVEPIPWNQAEGDLTPDEVVALVGQGLQEGERDFGVKARSILCCMRHQPNWSPEVVELCKKYQQQTVVAIDLAGDETIPGSSLLPGHVQAYQEAVKSGIHRTVHAGEVGSAEVVKEAVDILKTERLGHGYHTLEDQALYDRLRQENMHFEICPWSSYLTGAWKPDTEHAVVRLKNDQANYSLNTDDPLIFKSTLDTDYQMTKRDMGFTEEEFKRLNINAAKSSFLPEDEKRELLDLLYKAYGMPPSASAGQHL,363,1.0917388320527008,-0.0877716839313507,1.6153519731776125,-0.4795528729771947,-174.07769289072166
11,node257,MAQTPAFDKPKVELHVHLDGSIKPETILYYGRRRGIALPANTAEGLLNVIGMDKPLTLPDFLAKFDYYMPAIAGCREAIKRIAYEFVEMKAKEGVVYVEVRYSPHLLANSKVEPIPWNQAEGDLTPDEVVALVGQGLQEGERDFGVKARSILCCMRHQPNWSPEVVELCKKYQQQTVVAIDLAGDETIPGSSLLPGHVQAYQEAVKSGIHRTVHAGEVGSAEVVKEAVDILKTERLGHGYHTLEDQALYDRLRQENMHFEICPWSSYLTGAWKPDTEHAVVRLKNDQANYSLNTDDPLIFKSTLDTDYQMTKRDMGFTEEEFKRLNINAAKSSFLPEDEKRELLDLLYKAYGMPPSASAGQNL,363,1.09463751404317,-0.0904232710599899,1.6242262149373303,-0.4850315269510001,-176.06644428321306
12,node235,MAEVTESPVFDLPKVELHVHLDGAVRPETLFDLAKKRGIDLPADTVEELRKFITVKEPCSSLTEFLETFDFFMPVIRGDREAIERMAYEFCEDQAKQNVVYVEVRYSPHLLADGNLSPEEVVEAVTRGLRRGEKDFGIKVRTILCCMRHMPEWSEEVVELAQKYRNKGVVGIDIAGDEAHYDPAHPHVPAFQRAKELGLHITVHAGEAGPAENVREAVDVLHAERIGHGYHVIDDEDIYKRVKEERVHFECCLTSSLLTGAVDADWEKHPIKRFAEDGVNFSLNTDDPSVFGTTLDDEYKIATERMGLTREELVRAMLNAAKASFLPEDEKEELIDRLKKAVGAEEKAF,349,1.1637863862307438,-0.1516788154840469,2.8921031613082886,-1.06198397492874,-370.6324072501302
13,node236,MAEVTESPVFDLPKVELHVHLDGAVRPETLFDLAKKRGIELPADTVEELRKLITVKEPSSLTEFLETFDFFMPVIRGDREAIERMAYEFCEDQAKQNVVYVEVRYSPHLLADGKEGDLSPEEVVEAVTRGLRRGEKDFGIKVRTILCCIRHMPEWSEEVVELAQKYRNQGVVGIDIAGDEAHSDPAHPHVPAFQRAKELGLHITVHAGEAGPAENVREAVDVLHAERIGHGYHVIDDPDIYKRVKEERVHFECCPTSSYLTGAVDPDWKKHPIKRFAEDGVNFSLNTDDPSVFGTTLDDEYKICTERMGLTREELVRANLNAAKASFLPEDEKEELIDRLKKAYGAE,347,1.1523236635354095,-0.1417804807424545,2.762232733790741,-1.0160393142144335,-352.5656420324085
14,node237,MADVTESPVFDLPKVELHVHLDGAVRPETIFDLAKKRGIDLPADTVEELRKLITVDEPASLSEFLETFDFFMPVIAGDREAIERIAYEFCEDQAKQGVVYVEVRYSPHLLANSKADPNSGEGDLTPEEVVEAVTRGLKRGEKDFGIKVRSILCCIRHMPEWSEEVVELCQKYRNQGVVGIDIAGDESQSDPAHPEHVKAFQEAKKLGIHRTVHAGEAGPAENVREAVDVLHAERIGHGYHVIEDPDIYKRVKEERVHFECCPTSSYLTGAVDPDWKKHPIKRFAEDGVNFSLNTDDPTIFGTTLDDEYKICQERMGLTEEELVRANLNAAKASFLPEDEKKELIDRLKKAYGMAE,355,1.1693536911789564,-0.1564511954784393,2.7657315982902677,-1.0173051924859158,-361.1433433325001
15,node256,MAQTPAFDKPKVELHVHLDGAIKPETILYYGRRRGIALPANTAEGLLNVIGMDKPLTLPDFLAKFDYYMPAIAGCREAIKRIAYEFVEMKAKEGVVYVEVRYSPHLLANSKVEPIPWNQAEGDLTPDEVVALVGQGLQEGERDFGVKARSILCCMRHQPNWSPEVVELCKKYQQQTVVAIDLAGDETIPGSSLLPGHVQAYQEAVKSGIHRTVHAGEVGSAEVVKEAVDILKTERLGHGYHTLEDQALYDRLRQENMHFEICPWSSYLTGAWKPDTEHAVVRLKNDQANYSLNTDDPLIFKSTLDTDYQMTKRDMGFTEEEFKRLNINAAKSSFLPEDEKRELLDLLYKAYGMPPSASAGQNL,363,1.0932929542231682,-0.0891942009329795,1.617222028982929,-0.4807098803729618,-174.49768657538516
0,node250,MAQTPAFDKPKVELHVHLDGAIKPETILYYGRRRGIALPANTAEGLQNVIGMDKPLSLPGFLAKFDYYMPAIAGCREAIKRIAYEFVEMKAKEGVVYVEVRYSPHLLANSKVEPIPWNQAEGDLTPDEVVALVGQGLQEGERDFGVKARSILCCMRHQPNWSPEVVELCKKYQQQTVVAIDLAGDETIPGSSLFPGHVQAYQEAVKSGIHRTVHAGEVGSAEVVKEAVDILKTERLGHGYHTLEDQALYDRLRQENMHFEICPWSSYLTGAWKPDTEHAVVRLKNDQANYSLNTDDPLIFKSTLDTDYQMTKRDMGFTEEEFKRLNINAAKSSFLPEDEKRELLDLLYKAYGMPPSASAGQHL,363,1.099349263884453,-0.0947184264659881,1.675271746648493,-0.515975388923133,-187.29906617909728
1,node234,MANVTESPVSLDLPKVELHCHLDGSIRPETLFDLARKRGIELPASTVEELRKFVTVKEPCSSLTEFLETFDFFMPVIRGDREAIERMAYELCEDQAAQNVVYVEVRYSPHLLADGNLSAEEVVEAVCRGLRRGEKDFGIRARTILCCMRHMPEWSEEVVELAQKYRNKGVVGIDIAGDEAHYPALPHAPAFQRAKELGLRITVHAGEAGPAENVREAVDVLHAERIGHGYHVIDDEEVYKRVKEERVHLECCLTSSLLTGAVDADWEKHPIRRFAEDGVNFSLNTDDPSVCGTTLNDEYKIATERMGLTLEELVRAMLNAAEASFLPEDEKEQLVDRLKKAVGAEERAF,349,1.1712014213576412,-0.1580300778150558,3.090085879481412,-1.128198883235875,-393.7414102493203
0,P00813_Homo_sapiens,MAQTPAFDKPKVELHVHLDGSIKPETILYYGRRRGIALPANTAEGLLNVIGMDKPLTLPDFLAKFDYYMPAIAGCREAIKRIAYEFVEMKAKEGVVYVEVRYSPHLLANSKVEPIPWNQAEGDLTPDEVVALVGQGLQEGERDFGVKARSILCCMRHQPNWSPKVVELCKKYQQQTVVAIDLAGDETIPGSSLLPGHVQAYQEAVKSGIHRTVHAGEVGSAEVVKEAVDILKTERLGHGYHTLEDQALYNRLRQENMHFEICPWSSYLTGAWKPDTEHAVIRLKNDQANYSLNTDDPLIFKSTLDTDYQMTKRDMGFTEEEFKRLNINAAKSSFLPEDEKRELLDLLYKAYGMPPSASAGQNL,363,1.1014384154278474,-0.0966169759631156,1.6610390702142266,-0.5074433524582059,-184.2019369423288
1,node233,VTGGPVSLNLPKVELHCHLDGSIRPETLFDLARKRGIELPASTVEELRKFVTVAEDCTSLTEFLETFDFFMPVIRGDREAIERMAYELCEDQAAQNVVYVEVRYSPHLLADANLSLEEVVEAVCRGLRRGEKDFGIRARTILCCMRHMPETSAEVADLAQKYRNKGVVGIDLAGDEAHYPALPHAPAFQRAKEQGLRITVHAGEAGPAENVREAVDVLHAERIGHGYHVIDDEEVYKRVKEERVHLECCLTSSLQTGAVDADWEKHPIRRFAEDGLNFSLNTDDPSVCGTTLNDEYEIATERMGLTLEELVRAMLNAAEASFLPEDEKEQLVDRLKKAVGAEERVF,346,1.2218649553384686,-0.200378343462944,3.244309413944503,-1.1769025120822143,-407.2082691804462
2,node245,MAQTPAFDKPKVELHVHLDGAIKPETILYYGRKRGIALPADTAEELQNIIGMDKPLSLPGFLAKFDYYMPAIAGCREAIKRIAYEFVEMKAKEGVVYVEVRYSPHLLANSKVEPIPWNQAEGDLTPDEVVALVSQGLQEGERDFGVKVRSILCCMRHQPNWSPEVVELCKKYQQQTVVAIDLAGDETIEGSSLFPGHVQAYEEAVKSGIHRTVHAGEVGSAEVVREAVDILKTERLGHGYHTLEDEALYNRLRQENMHFEVCPWSSYLTGAWKPDTEHAVVRFKNDQANYSLNTDDPLIFKSTLDTDYQMTKRDMGFTEEEFKRLNINAAKSSFLPEDEKRELLDLLYKAYGMPPSASAGQHP,363,1.0797866479766367,-0.0767634734511375,1.5796917498609893,-0.4572297329806752,-165.9743930719851
0,node245,MAQTPAFDKPKVELHVHLDGAIKPETILYYGRKRGIALPADTAEELQNIIGMDKPLSLPGFLAKFDYYMPAIAGCREAIKRIAYEFVEMKAKEGVVYVEVRYSPHLLANSKVEPIPWNQAEGDLTPDEVVALVSQGLQEGERDFGVKVRSILCCMRHQPNWSPEVVELCKKYQQQTVVAIDLAGDETIEGSSLFPGHVQAYEEAVKSGIHRTVHAGEVGSAEVVREAVDILKTERLGHGYHTLEDEALYNRLRQENMHFEVCPWSSYLTGAWKPDTEHAVVRFKNDQANYSLNTDDPLIFKSTLDTDYQMTKRDMGFTEEEFKRLNINAAKSSFLPEDEKRELLDLLYKAYGMPPSASAGQHP,363,1.0797867042919005,-0.0767635256052017,1.5796917498609893,-0.4572297329806752,-165.9743930719851
1,P00813_Homo_sapiens,MAQTPAFDKPKVELHVHLDGSIKPETILYYGRRRGIALPANTAEGLLNVIGMDKPLTLPDFLAKFDYYMPAIAGCREAIKRIAYEFVEMKAKEGVVYVEVRYSPHLLANSKVEPIPWNQAEGDLTPDEVVALVGQGLQEGERDFGVKARSILCCMRHQPNWSPKVVELCKKYQQQTVVAIDLAGDETIPGSSLLPGHVQAYQEAVKSGIHRTVHAGEVGSAEVVKEAVDILKTERLGHGYHTLEDQALYNRLRQENMHFEICPWSSYLTGAWKPDTEHAVIRLKNDQANYSLNTDDPLIFKSTLDTDYQMTKRDMGFTEEEFKRLNINAAKSSFLPEDEKRELLDLLYKAYGMPPSASAGQNL,363,1.1014385467295462,-0.0966170951724052,1.6610390702142266,-0.5074433524582059,-184.2019369423288
2,node233,VTGGPVSLNLPKVELHCHLDGSIRPETLFDLARKRGIELPASTVEELRKFVTVAEDCTSLTEFLETFDFFMPVIRGDREAIERMAYELCEDQAAQNVVYVEVRYSPHLLADANLSLEEVVEAVCRGLRRGEKDFGIRARTILCCMRHMPETSAEVADLAQKYRNKGVVGIDLAGDEAHYPALPHAPAFQRAKEQGLRITVHAGEAGPAENVREAVDVLHAERIGHGYHVIDDEEVYKRVKEERVHLECCLTSSLQTGAVDADWEKHPIRRFAEDGLNFSLNTDDPSVCGTTLNDEYEIATERMGLTLEELVRAMLNAAEASFLPEDEKEQLVDRLKKAVGAEERVF,346,1.2218648278880286,-0.2003782391548156,3.244309413944503,-1.1769025120822143,-407.2082691804462
3,A0A4U1F994_Monodon_monoceros,MAQTPAFDKPKVELHVHLDGAIKPETILYYGRKRGITLPANTPEELQDIIGMDKPLSLPGFLAKFAYYMPAIAGCREAIKRTAYEFVEMKAKEGVVYTEVRYSPHLLANSKVEPIPWNQAEGDLTPDEVVCLVDQGLQDGERDFGVKVRSILCCMRHQPSWSPEVVELCKKYRQQTVVAIDLAGDETIQGSTLFPEHVQAYAEAVKSGIHRTVHAGEVGSAEVVREAVDVLKTERLGHGYHTLEDPALYNRLRQKNMHFEVCPWSSYLTGTWKPGTEHAVVRFKNDQANYSLNTDDPLIFKSTLDTDYQMTKQDMGFTEEEFKRLNINAAKSSFLPENEKRELLDLLYKAYGMPPLASAGMFLTELLGWCPALAPTCLSRDF,382,1.1806201711540103,-0.1660398691892624,2.131122163896168,-0.7566486785011142,-289.0397951874256
4,node261,MAQTPAFDKPKVELHVHLDGAIKPETILYYGRKRGIALPANTAEELQNIIGMDKPLSLPGFLAKFDYYMPAIAGCREAIKRIAYEFVEMKAKEGVVYVEVRYSPHLLANSKVEPIPWNQAEGDLTPDEVVALVSQGLQEGERDFGVKVRSILCCMRHQPNWSPEVVELCKKYQQQTVVAIDLAGDETIQGSSLFPGHVQAYEEAVKSGIHRTVHAGEVGSAEVVREAVDTLKTERLGHGYHTLEDEALYNRLRQENMHFEVCPWSSYLTGAWKPDTEHAVVRFKNDQANYSLNTDDPLIFKSTLDTDYQMTKRDMGFTEEEFKRLNINAAKSSFLPEDEKRELLDLLYKAYGMPPSASAGQHP,363,1.0805932710320534,-0.0775102153420448,1.591490905599289,-0.4646712533657123,-168.67566497175358
5,node262,MAQTPAFDKPKVELHVHLDGAIKPETILYYGRKRGIALPANTPEELQNIIGMDKPLSLPGFLAKFDYYMPAIAGCREAIKRIAYEFVEMKAKEGVVYVEVRYSPHLLANSKVEPIPWNQAEGDLTPDEVVALVSQGLQEGERDFGVKVRSILCCMRHQPSWSPEVVELCKKYQQQTVVAIDLAGDETIQGSSLFPGHVQAYEEAVKSGVHRTVHAGEVGSAEVVREAVDTLKTERLGHGYHTLEDEALYNRLRQENMHFEVCPWSSYLTGAWKPDTEHAVVRFKNDQANYSLNTDDPLIFKSTLDTDYQMTKRDMGFTEEEFKRLNINAAKSSFLPEDEKRELLDLLYKAYGMPPLASAGQHP,363,1.0817176288013486,-0.078550174832344,1.5883284758383076,-0.4626821901993652,-167.95363504236957
6,node263,MAQTPAFDKPKVELHVHLDGAIKPETILYYGRKRGIALPANTPEELQNIIGMDKPLSLPGFLAKFDYYMPAIAGCREAIKRIAYEFVEMKAKEGVVYVEVRYSPHLLANSKVEPIPWNQAEGDLTPDEVVALVDQGLQEGERDFGVKVRSILCCMRHQPSWSPEVVELCKKYQQQTVVAIDLAGDETIQGSSLFPGHVQAYEEAVKSGVHRTVHAGEVGSAEVVREAVDTLKTERLGHGYHTLEDEALYNRLRQENMHFEVCPWSSYLTGAWKPGTEHAVVRFKNDQANYSLNTDDPLIFKSTLDTDYQMTKQDMGFTEEEFKRLNINAAKSSFLPEDEKRELLDLLYKAYGMPPLASAGQHP,363,1.0870819327017167,-0.083496980369091,1.6005821405722065,-0.4703674009304214,-170.743366537743
7,node264,MAQTPAFDKPKVELHVHLDGAIKPETILYYGRKRGIALPANTPEELQDIIGMDKPLSLPGFLAKFDYYMPAIAGCREAIKRTAYEFVEMKAKEGVVYVEVRYSPHLLANSKVEPIPWNQAEGDLTPDEVVCLVDQGLQDGERDFGVKVRSILCCMRHQPSWSPEVVELCKKYRQQTVVAIDLAGDETIQGSSLFPEHVQAYAEAVKSGVHRTVHAGEVGSAEVVREAVDTLKTERLGHGYHTLEDPALYNRLRQENMHFEVCPWSSYLTGAWKPGTEHAVVRFKNDQANYSLNTDDPLIFKSTLDTDYQMTKQDMGFTEEEFKRLNINAAKSSFLPEDEKRELLDLLYKAYGMPPLASAGQFLCP,365,1.1271607608033851,-0.1197018697857856,1.7688771605782896,-0.570344972731693,-208.175915047068
8,node265,MAQTPAFDKPKVELHVHLDGAIKPETILYYGRKRGITLPANTPEELQDIIGMDKPLSLPGFLAKFAYYMPAIAGCREAIKRTAYEFVEMKAKEGVVYVEVRYSPHLLANSKVEPIPWNQAEGDLTPDEVVCLVDQGLQDGERDFGVKVRSILCCMRHQPSWSPEVVELCKKYRQQTVVAIDLAGDETIQGSSLFPEHVQAYAEAVKSGVHRTVHAGEVGSAEVVREAVDVLKTERLGHGYHTLEDPALYNRLRQENMHFEVCPWSSYLTGTWKPGTEHAVVRFKNDQANYSLNTDDPLIFKSTLDTDYQMTKQDMGFTEEEFKRLNINAAKSSFLPEDEKRELLDLLYKAYGMPPLASAGQCP,363,1.1299659872410177,-0.1221875324845314,1.787791771631278,-0.5809812111502719,-210.8961796475487
9,node266,MAQTPAFDKPKVELHVHLDGAIKPETILYYGRKRGITLPANTPEELQDIIGMDKPLSLPGFLAKFAYYMPAIAGCREAIKRTAYEFVEMKAKEGVVYVEVRYSPHLLANSKVEPIPWNQAEGDLTPDEVVCLVDQGLQDGERDFGVKVRSILCCMRHQPSWSPEVVELCKKYRQQTVVAIDLAGDETIQGSTLFPEHVQAYAEAVKSGVHRTVHAGEVGSAEVVREAVDVLKTERLGHGYHTLEDPALYNRLRQENMHFEVCPWSSYLTGTWKPGTEHAVVRFKNDQANYSLNTDDPLIFKSTLDTDYQMTKQDMGFTEEEFKRLNINAAKSSFLPEDEKRELLDLLYKAYGMPPLASAGQCP,363,1.132773629246141,-0.1246691644191742,1.7953891932635992,-0.5852218191976837,-212.4355203687592
10,node267,MAQTPAFDKPKVELHVHLDGAIKPETILYYGRKRGITLPANTPEELQDIIGMDKPLSLPGFLAKFAYYMPAIAGCREAIKRTAYEFVEMKAKEGVVYVEVRYSPHLLANSKVEPIPWNQAEGDLTPDEVVCLVDQGLQDGERDFGVKVRSILCCMRHQPSWSPEVVELCKKYRQQTVVAIDLAGDETIQGSTLFPEHVQAYAEAVKSGIHRTVHAGEVGSAEVVREAVDVLKTERLGHGYHTLEDPALYNRLRQENMHFEVCPWSSYLTGTWKPGTEHAVVRFKNDQANYSLNTDDPLIFKSTLDTDYQMTKQDMGFTEEEFKRLNINAAKSSFLPEDEKRELLDLLYKAYGMPPLASAGQCP,363,1.1326598408520638,-0.1245687082409858,1.7964419138787082,-0.5858079941117317,-212.64830186255855
11,node307,MASTNQTPVFDKPKVELHVHLDGAIRPETILHFAKKRGIKLPADTVEELQQLITCDEPASLTEFLSKFNYYMPAIAGDREAIKRIAYEFVETKAKEGVVYVEVRYSPHLLANCNVDPIPWNQKEGDLTPDEVVNLVNQGLREGERDFGIKVRSILCCMRHMPNWSPEVVELCKKYRNDGVVAIDLAGDESLNAEAYPGHRKAYEEAVKSGIHRTVHAGEVGPAEVVREAVDVLKAERIGHGYHTIEDPALYKQLLKQNMHFEVCPWSSYLTGACDPDFTKHPVVRFKKDKANYSLNTDDPLIFNSTLDTDYKIVKKYMGFTEEEFKRLNINAAKSSFLPEKEKKELLNRLYKAYGMAQSTSF,362,1.1064817851200286,-0.101185418665409,1.9053699009919127,-0.6446761634784174,-233.3727711791871
12,node308,MAKTNQTPVFDKPKVELHVHLDGAIRPETILHFAKKRGIKLPADTVEDLMQLITCEEPASLTEFLSKFNHYMPAIAGDREAIKRIAYEFVETKAKEGVIYVEVRYSPHLLANCNVDPIPWNQKEGDLTPDEVVNLVNQGLREGERDFNIKARSILCCMRHMPNWSPEVVELCKKYRNDGVVAIDLAGDESLNCEAYPGHRKAYEEAVKSGIHRTVHAGEVGPPSVVREAVEVLKAERIGHGYHTIEDPALYKQLLKQNMHFEVCPWSSYLTGACDPDFTKHPVIRFKKDKANYSLNTDDPLIFNSTLDTDYKIVKKYMGFTEEEFKRVNINAAKSSFLPEKEKKELLNRLYEAYGMVQSTSF,362,1.131963847906122,-0.1239540427923202,1.942371062351776,-0.6639094238889208,-240.33521144778933
13,A0A4U1F994_Monodon_monoceros,MAQTPAFDKPKVELHVHLDGAIKPETILYYGRKRGITLPANTPEELQDIIGMDKPLSLPGFLAKFAYYMPAIAGCREAIKRTAYEFVEMKAKEGVVYTEVRYSPHLLANSKVEPIPWNQAEGDLTPDEVVCLVDQGLQDGERDFGVKVRSILCCMRHQPSWSPEVVELCKKYRQQTVVAIDLAGDETIQGSTLFPEHVQAYAEAVKSGIHRTVHAGEVGSAEVVREAVDVLKTERLGHGYHTLEDPALYNRLRQKNMHFEVCPWSSYLTGTWKPGTEHAVVRFKNDQANYSLNTDDPLIFKSTLDTDYQMTKQDMGFTEEEFKRLNINAAKSSFLPENEKRELLDLLYKAYGMPPLASAGMFLTELLGWCPALAPTCLSRDF,382,1.1806201711540103,-0.1660398691892624,2.131122163896168,-0.7566486785011142,-289.0397951874256
14,node309,MAKNNQQPVFDKPKVELHVHLDGAIRPETILHFAKKRGIKLPADTVEDLMQLITCEEPASLTEFLSKFNHYMPVIAGDREAIKRIAYEFVETKAKEGVIYVEVRYSPHFLANCNVDPIPWNQKEGDLTPDEVVNLVNQGLREGEKDFNIKARSILCCMRHMPNWSSEVVELCKKYRNDGVVAIDLAGDESLNCEAYPGHRKAYEEAVKSGIHRTVHAGEVGPPSVVREAVEVLKAERIGHGYHTIEDQALYKQLLKQNMHFEVCPISSYLTGACDPDFTKHPIIRFKKDKANYSLNTDDPLIFNSTLDTDYKTVKKYMGFTEEEFKRVNINSAKSSFLPEKEKKDLLNRLYEAYGMVKSTSF,362,1.1178097322812204,-0.111371174454689,1.9978198005964625,-0.6920564862673485,-250.52444802878017
15,node310,MAENNQQAVFDKPKVELHVHLDGAIRLETILDVAKKRGIKLPADTVQDLMQLCTVEEPATLTEFLSKFNHYMHVIAGDREAIKRIAYEFVETKAKEGVIYVEVRYSPHFLANCSVDPIPWNQKEGDLTPDEVVNLVNQGLREGEKDFNIKARSILCCMRHMPNWSSEVVELCKKYRNDGVVAIDLAGDESLNCEAYPGHRKAYEEAVRSGIHRTVHAGEVGPPSVVREAVEVLKAERIGHGYHTIEDQALYKQLLKQNMHFEVCPISSKLTGACDPDFTKHPLIRFKKDKANYSLNTDDPLIFNSTLDTDYRTVKKYMGFTEEEFKRVNINSAKSSFLPEKEKKDLLNRLYEAYGMVESTSF,362,1.1360249674729015,-0.1275352984666824,2.116824060875648,-0.7499168809407725,-271.4699109005596
16,node311,MAENNQQATFDKPKVELHVHLDGAIRLETILDVAKKRGIKLPADTVQDLTQLCTVEEPATLTEFLSKFNHYMHVIAGDREAIKRIAYEFVETKAKEGVIYVEVRYSPHFLANCSVDPIPWNQKEGDLTPDEVVSLVNQGLSEGEKDFNIKARSILCCMRHMPNWSMDVVELCKKYRNDGVVAIDLAGDESLNCEAYPGHRKAYEEAVRSGIHRTVHAGEVGPPSVVREAVEVLKAERIGHGYHTIEDQALYKQLLEQNMHFEVCPISSKLTGACDPDFTKHPLIRFKEDKANYSLNTDDPLIFNSTLDTDYRTVKKYMGFTEEEFKRVNINSANSSFLPEKEKKDLLNRLYEAYGMMENTSF,362,1.1484148654384343,-0.138382613658905,2.124948246836962,-0.7537474476501412,-272.85657604935113
17,node312,MAENSNNQQATFDKPKVELHVHLDGAIRLETILDVAKKRGIKLPADTVQEMTQLCTVEEPATLTEFLSKFNHYMHVIAGDREAIKRIAYEFVETKAKEGVIYVEVRYSPHFLANCSVDPIPWNQKEGDLTPDEVVSLVNQGLSEGEKDFNIKARSILCCMRHMPNWSMDVVELCKKYRNDGVVAIDLAGDESLNCEAYPGHRKAYEEAVRSGIHRTVHAGEVGPPSVVREAVEVLKAERIGHGYHTIEDQALYKQLLEQNMHFEVCPISSKLTGACDPDFTKHPLIRFKEDKANYSLNTDDPLIFNSTLDTDYRTVKKYMGFTEEEFKRVNINSANSSFLPEKEKKDLLNRLYEAYGMMENTSF,364,1.148460933791273,-0.1384227275848388,2.139005502298431,-0.7603410024664929,-276.7641248978034
18,node313,MAENSNNQQATFNKPKVELHVHLDGAIRLETILDVAKKRGIALPADTVQEMTQLCTVSEPATLTEFLSKFNHYMHVIAGDREAIKRIAYEFVETKAKEGVIYVEVRYSPHLLANCSVDPIPWNQKEGDLTPDEVVSLVNQGLSEGEKAFNIKARSILCCMRHMPNWSMDVVELCKKYRNDGVVAIDLAGDESLNCEAYPGHRKAYEEAVRSGIHRTVHAGEVGPPSVVREAVEVLKAERIGHGYHTIEDQALYKQLLEQNMHFEVCPISSKLTGACDPDFTKHPLIRFKEDKANYSLNTDDPLIFNSTLDTDYRTVKKYMGFTEEEFKRVNINSANSSFLPEKEKKDLLNRLYEAYGMMKNTSF,364,1.134596525984685,-0.1262771040201187,2.054446995687657,-0.7200067098786419,-262.08244239582564
19,node314,MAEHVNNQQATFNKPKVELHVHLDGAIRLETILDVAKRRGIALPADTVEEMTQLCTVSEPATLTEFLSKFNHYMHVIAGDREAIKRIAYEFVETKAKEGVIYVEVRYSPHLLANCNVDPIPWNQKEGDLTPDEVVNLVNQGLSEGEKAFNIKARSILCCMRHMPNWSMDVVELCKKYRNDGVVAIDLAGDESLNCEAYPGHRKAYEEAVRSGIHRTVHAGEVGPPSVVREAVEVLKAERIGHGYHTIEDQALYKQLLEQNMHFEVCPISSKLTGACDPDFTKHPLIRFKEDKANYSLNTDDPLIFNSTLDTDYQTVKKYMGFTEEEFKRLNINAANSSFLPEKEKKDLLNRLYEAYGMMNNTSF,364,1.1294091635573011,-0.1216946318745613,2.0119184508089454,-0.6990887200089884,-254.46829408327176
20,node315,MAEHVNNQQATFNKPKVELHVHLDGAIRIETILDVAKRRGIALPADTVEEMTQLCTVSEPATLTEFLSKFNQYMHVIAGDREAIKRIAYEFVETKAKEGVIYVEVRYSPHLLANCNVDPIPWNQKEGDLTPDEVVHLVNQGLSEGEKAFNIKARSILCCMRHMPNWSMDVVELCKKYRNDGVVAIDLAGDESLNCEAYPGHRKAYEEAVRSGIHRTVHAGEVGPPSVVREAVEVLKAERIGHGYHTIEDQALYKQLLEQNMHFEVCPISSKLTGACDPDFTKHPLIRFKEDKANYSLNTDDPLIFNSTLDTDYQTVKKYMGFTEEEFKRLNINAAKSSFLPEKEKKDLLNRLYEAYGMVNNTSF,364,1.1212535195230835,-0.1144472733139991,1.9695017258912717,-0.6777805797377928,-246.71213102455656
21,node338,MAEHVNNQQATFNKPKVELHVHLDGAIRIETILDVAKRRGISLPADTVEEMKQLCTVSEPATLTEFLGKFNEYMHVIAGDREAIKRIAYEFVETKAKEGVIYVEVRYSPHLLANTNVDPIPWNQKEGDLTPDEVVHLVNQGLSEGEKAFNIKARSILCCMRHMPNWSMDVVELCKKYRNDGVVAIDLAGDESLNCEAYPGHRKAYEEAVRCGIHRTVHAGEVGPPSVVREAVEVLKAERIGHGYHTIEDQALYKQLLEQNMHFEVCPISSKLTGACDPDFTKHPLIRFKEDKANYSLNTDDPLIFNSTLDTDYQTVKKYMGFTEEEFKRLNINAAKSSFLPEKEKKDLLNRLYEAYGMVNNTSF,364,1.114149406950534,-0.1080912500619888,1.908176037000515,-0.6461478313490511,-235.1978106110546
22,node339,MAELSSEQVVFNKPKVELHVHLDGAIRVETILDVAKRRGISLPANTVEEMKQLCTVHEPATLTEFLGKFNEYMHVIAGDREAIKRIAYEFVEDKAKEGVIYVEVRYSPHLLANTDVDPIPWNQKEGDLSPDEVVHLVNQGLSEGEKAFNIKARSILCCMRHMPNWSMDVVELCKKYRHDGVVAIDLAGDESLNCEAYPGHRKAYEEAVRCGIHRTVHAGEVGPPSVVKEAVEVLKAERIGHGYHTLEDQVLYKQLLEQNMHFEVCPISSKLTGACDPDFTKHPVITFRKDKANYSLNTDDPLIFNSTLHLDYSTAHKYMGFTEEEFKRLNINSAKSSFLPEKEKKDLLNRLYEAYGMVQNTAF,363,1.120357402816083,-0.1136477440595626,1.929933660143272,-0.6574856293432689,-238.66728345160664
23,node340,MAELSSEQVVFNKPKVELHVHLDGAIRVQTILDVAKRRGISLPAKTVEEMKQLIILHEPATLTEFLGKFNEYMHVIAGDREAIKRIAYEFVEDKAKEGVIYVEVRYSPHLLANTEVDPIPWNQKEGDLSPDEVVHLVNEGLSEGERAFNIKARSILCCMRHMPNWSMDVVELCKKYRHDGVVAIDLAGDESLNCEAYPDHRKAYEEAVRCGIHRTVHAGEVGPPSVVKEAVEVLKAERIGHGYRTLEDQVLYKQLLDQNMHFEVCPISSKLTGACDPDFTKHPVITFRKDKANYSLNTDDPLIFNSTLHLDYSTAHKYMGFTEEEFKRLNIKSAESSFLPEKEKKELLNRLYEAYGMIQSTAF,363,1.134182469349233,-0.1259121000766754,2.0699217703252217,-0.7275108144497184,-264.0864256452478
24,node341,MAELSSEQVVFNKPKVELHVHLDGAIRVQTILDVAKRRGISLPAKTVEEMKQLIILQEPATLTEFLGKFSEYMHVIAGDREAIKRIAYEFVEDKAKEGVIYVEVRYSPHFLANTKVDPIPWNQKEGDLSPDEVVHLVNEGLSEGERAFNIKARSILCCMRHMPNWSMDVVELCKKYRHEGVVAIDLAGDESLNCEANPDHRKAYEEAVRCGIHRTVHAGEVGPPSVVKEAVEVLKAERVGHGYRTLEDQVLYKKLLAQNMHFEVCPISSKLTGACDPDFTKHPVITFRKDKANYSLNTDDPLIFNSTLHLDYSTAHKYMGFTEEEFKRLNIKSAESCFLPEKEKKELLHRLYEAYGMIQSTAF,363,1.1319516611482352,-0.1239432767033577,2.11253696642757,-0.7478895789967127,-271.4839171758067
25,node342,MAELSSEQVVFNKPKVELHVHLDGAIRVQTILDVAKRRGISLPANTVEEMTQLIILQEPATLTKFLGKFAEYMHVVAGDREAIKRIAYEFVEDKAKEGVIYVEVRYSPHFLANTKVDPIPWNQKEGDLSPDEVVHLVNEGLSEGERAFNIKARSILCCMRHMPSWSMDVVELCKKYRHEGVVAIDLAGDESLNCEANPDHRKAYEEAVRCGIHRTVHAGEVGPPSVVKEAVEVLKAERVGHGYRTLEDQVLYKKLLAQNMHFEVCPISSKLTGACDPDFTKHPVITFRKDKANYSLNTDDPLIFNSTLHLDYSTAHKYMGFTEEEFKRLNIKSAESCFLPEEEKKELLHKLYEAYGMIQSTAF,363,1.1378820055812966,-0.1291686445474624,2.121652408453219,-0.7521952230295441,-273.0468659597245
26,node343,MAELSSEQVVFNKPKVELHVHLDGAIRVQTILDVAKRRGISLPANTVEEMTQIIILQEPATLTKFLGKFAEYMHVVAGDREAIKRIAYEFVEDKAKEGVIYVEVRYSPHFLANTKVDPIPWNQKEGDLSPDEVVHLVNEGLSEGERAFNIKARSILCCMRHMPSWSMDVVELCKKYRHEGVVAIDLAGDESLNCEANPDHRKAYEEAVRCGIHRTVHAGEVGPPSVVKEAVEVLKAERVGHGYRTLEDQVLYKKLLAQNMHFEVCPISSKLTGACDPDFTKHPVITFRKDKANYSLNTDDPLIFNSTLHLDYSTAHKYMGFTEEEFKRLNISSAESCFLPEEEKKELLHKLYEAYGMIQSTAF,363,1.141000349181681,-0.1319053769111633,2.104203337265712,-0.7439369333929369,-270.0491068216361
27,node348,MHIIARRAAIGFGSPVLSSLCSRLTGRLCTMAELSSEQVVFNKPKVELHVHLDGAIRVQTILDVAKRRGITLPANTVEEMTQIIILQEPATLTKFLGKFAEYMHVVAGDREAIKRIAYEFVEDKAKEGVIYVEVRYSPHFLANTKVDPIPWNQKEGDLSPDEVVHLVNEGLSEGERAFNIKARSILCCMRHMPSWSMDVVELCKKYRHEGVVAIDLAGDESLNCEANPDHRKAYEEAVRCGIHRTVHAGEVGPASVVKEAVEVLKAERVGHGYRTLEDQVLYKKLLAQNMHFEVCPISSKLTGACDPDFTKHPVITFRKDKANYSLNTDDPLIFNSTLHLDYSTAHKYMGFTEEEFKRLNICSAESCFLPEEEKKELLHKLYEAYGMIQSTAF,393,1.1718896963651746,-0.1586175709962844,2.4322034158208754,-0.8887976019798912,-349.29745757809724
28,node349,MHIIARRAAIGFGSPVLSSLCSRLTGRLCTMAELSSEQVVFNKPKVELHVHLDGAIRVQTILDVAKRRGITLPADTVEEMTQRIILQEPATLTSFLGKFNEYMHVVAGDREAIKRIAYEFVEDKAKEGVIYVEVRYSPHFLANTKVEPIPWNQKEGDLSPDEVVHLVNEGLSEGERAFNIKARSILCCMRHMPSWSMDVVELCKKYRHEGVVAIDLAGDESLNCEANPDHRKAYEEAVRCGIHRTVHAGEVGPASVVKEAVEVLKAERVGHGYRTLEDQALYKKLLAQNMHFEVCPISSKLTGACDPDFTKHPVITFRKDKANYSLNTDDPLIFNSTLHLDYSTAHKYMGFTEEEFKRLNICSAESCFLPEEEKKELLHKLYEAYGMIQSTAF,393,1.1763084267951258,-0.1623810827732086,2.4716828718378347,-0.9048992432743326,-355.6254026068127
29,node350,MHIIARRAAIGFGSPVLSSLCSRLTGRLCTMAERSSEQVVFNKPKVELHVHLDGAIRVQTILDVAKRRGITLPADTVEEMTQRIILQEPATLTSFLGKFNEYMHVIAGDREAIKRIAYEFVEDKAKEGVIYVEVRYSPHFLANCKVEPIPWNQKEGDLSPDEVVRLVNEGLSEGERAFNIKARSILCCMRHMPSWSMDVVELCKKYRNEGVVAIDLAGDESLNCEANPDHRKAYEEAVRCGIHRTVHAGEVGPASVVKEAVEVLKAERVGHGYRTLEDQALYKKLLAQNMHFEVCPISSKLTGACNPDFTKHPVITFRKDKANYSLNTDDPLIFNSTLHLDYSTAHEHMGFTEEEFKRLNICSAQSCFLPEEEKEELLHKLYEAYGMIQSTAF,393,1.1822401889059386,-0.1674111038446426,2.512121808352935,-0.9211277380166812,-362.0032010405557
30,node351,MHIIARRAAIGFGSPVLSSLCSRLTGRLCTMAERSSPQEVFNKPKVELHVHLDGAIRVQTILDVAKRRGITLPADTAEEMKERIILQEPATLTSFLGKFNEYMHVIAGDREAIKRIAYEFVEDKAKEGVIYVEVRYSPHFLANCKVEPIPWNQKEGDLSPDEVVRLVNEGLSEGERAFNIKARSILCCMRHMPSWSMDVVELCKKYRNEGVVAIDLAGDESLNCEANPDHRKAYEEAVRCGIHRTVHAGEVGPASVVKEAVEVLKAERVGHGYRTLEDQALYKKLLAQNMHFEVCPISSKLTGACNPDFTKHPVITFRKDKANYSLNTDDPLIFNSTLHLDYSTAHEHMGFTEEEFKRLNINSAKSCFLPEEEKEELLHKLYEAYGMIQSTAF,393,1.1783505863353356,-0.1641156524419784,2.4510322557852517,-0.8965092647144807,-352.3281410327909
31,node352,MHIIARRAAIGFGSPVLSSLCSRLTGSRRLSTMAERSSPQEVFNKPKVELHVHLDGAIRVQTILDVAKRRGITLPADTAEEMKERIILQEPATLTSFLGKFNEYMHVIAGDREAIKRIAYEFVEDKAKEGVIYVEVRYSPHFLANCDVEPIPWNQKEGDLSPDEVVRLVNEGLSEGERAFNIKARSILCCMRHMPSWSMDVVELCKKYRNEGVVAIDLAGDESLNCEANPDHRKAYEEAVRCGIHRTVHAGEVGPASVVKEAVEVLKAERVGHGYRTLEDQALYKKLLAQNMHFEVCPISSKLTGACNPDFTKHPVITFRKDKANYSLNTDDPLIFNSTLHLDYSTAHEHMGFTEEEFKRLNINSAKSCFLPEEEKEELLHKLYEAYGMIQSTAF,395,1.178530525014532,-0.1642683446407318,2.431671284119605,-0.8885787921888412,-350.98862291459227
32,node353,MHIIARRAAIGFGSPVLSSLCTSRLTGSRRLSTMAERSSPQEVFNKPKIELHVHLDGAIRVQTILDVAKRRGITLPADTAEEMKERIILHEPATLTSFLGKFNEYMHVIAGDREAIKRIAYEFVEDKAKEGVIYVEVRYSPHFLANCDVEPIPWNQKEGDLSPDEVVRLVNEGLSEGERAFNIKARSILCCMRHMPSWSMDVVELCKKYRNDGVVAIDLAGDESLNCEANPDHRKAYEEAVRCGIHRTVHAGEVGPASVVKEAVEVLKAERVGHGYRTLEDQALYKKLLAQNMHFEVCPISSKLTGACNPDFTKHPVITFRKDKANYSLNTDDPLIFNSTLHLDYSVVHEHMGFTEEEFKRLNINSAKSCFLPEEEKEELLHKLYEAYGMIQSTAF,396,1.1784474270525065,-0.1641978323459625,2.454294130164615,-0.8978391965491836,-355.5443218334767
33,node377,MARTNKTPVFDKPKVELHVHLDGAIKPETILYFAKKRGIKLPADTVEGLLQLISYDEPASLTEFLEKFNHYMPAIAGDREAVKRIAYEFVEMKAKEGVIYVEVRYSPHLLANCNVDPIPWNQKEGDLTPDEVVNLVNQGLREGERDFNIKARSILCCMRHMPNWSPEVVELCKKYRNDGVVAIDLAGDESLNCEAYPGHRKAYEEAVKSGIHRTVHAGEVGPPSVVREAVEVLKAERIGHGYHTIEDPALYKQLLKQNMHFEVCPWSSYLTGACDPDFTKHPVIRFKKDKANYSLNTDDPLIFNSTLDTDYKIAKKYMGFTEEEFKRVNINAAKSSFLPEKEKKELLNKLYEAYGMVQSTSF,362,1.1328466951348044,-0.1247336640954017,1.9016668673551749,-0.6427308001788815,-232.66854966475512
34,node378,MEQKTPVFDKPKVELHVHLDGAIKPETILYFAKKRGIKLPADTVEGLLQHVSYKEPLSLTEFLEKFNHYMPAIAGDREAVKRIAYEFVEMKAKEGVIYVEVRYSPHLLANCKVDPIPWGQKEGDLTPDEVVNLVNQGLREGERDFNIKARSILCCMRHMPNWSPEVVELCKKYQNDSVVAIDLAGDESLNCEAYPGHRKAYEEAVRCGIHRTVHAGEVGPPSVVKEAVEVLKAERIGHGYHTIEDPALYKELLKQNMHFEVCPWSSYLTGACDPDFTKHPVIQFKKDKANYSLNTDDPLIFNSTLDTDYKIAKKYMGFTEEEFKRVNINAAKSSFLPEKEKKELLNKLYEAYGMVQSTSF,360,1.1104861084728397,-0.1047978550195694,1.8014519838885437,-0.5885929974444986,-211.89347908001943
35,node409,MEQKTPAFDKPKVELHVHLDGSIKPETILYFAKKRQIKLPADTVEGLLQHVSYKEPLSLTEFLAKFNHYMPAIAGDREAVKRIAYEFVEMKAKEGVIYVEVRYSPHLLANSKVDPIPWGQKEGDLTPDEVVDLVNQGLREGERDFNIKARSILCCMRHMPNWSPEVVELCKKYQNDTVVAIDLAGDESLNCEAYPGHRKAYEEAVRCGIHRTVHAGEVGPPSVVKEAVEVLKAERIGHGYHTIEDPALYKELLEKNMHFEVCPWSSYLTGACDPDFTKHPVIQFKKDKANYSLNTDDPLIFGSTLDTDYKIAKKYMGFTEEEFKRVNINAAKSSFLPEKEKKELLNKLYEAYGMILSTEF,360,1.1158795941386497,-0.1096429675817489,1.8198722322770229,-0.5987662965788332,-215.55586676837996
36,node419,MEQKTSAFNKPKVELHVHLDGSIKPETILHFAKKRQIKLPADTVEGLLQHVSYKEPLSLTEFLAKFNHYMPAIAGDREAIKRIAYEFVEMKAKEGVIYVEVRYSPHFLANSKVDPIPWGQKEGDITPDEVVDLVNQGLREGEKAFNIKARSILCCMRHMPNWSPEVVELCKKYQNDTVVAIDLAGDESLNCEAYPGHRKAYEEAVRCGIHRTVHAGEVGPPSVVKEAVEVLKAERIGHGYHTIEDPNLYKELLEKNMHFEVCPWSSYLTGACDPDFTKHPVIQFKKDKANYSLNTDDPLIFGSTLDVDYSIAAKHMGFTEEEFKRVNINAAKSSFLPEKEKKELLYKLYEAYGMILSTGL,360,1.131206747056351,-0.1232849806547164,1.8888505522995545,-0.6359684706726209,-228.9486494421435
37,node421,MEQKTSAFNKPKVELHVHLDGSIKPETILHFAKKRQIELPADTVEELLKHVSYKEPLSLTEFLAKFNHYMPAIAGDREAIKRIAYEFVEMKAKEGVIYVEVRYSPHFLANSKVDPIPWGQKEGDITPDEVVDLVNQGLREGEKAFNIKARSILCCMRHMPNWSVEVVELCKKYQNDTVVAIDLAGDESLNCEAYPGHRKAYEEAVRCGIHRTVHAGEVGPPSVVKEAVEVLKAERIGHGYHTIEDPALYKELLDKEMHFETCPWSSYLTGACDPDFTKHPVRQFKKDRANYSLNTDDPLIFGSTLDVDYSIAAKHMGFTEEEFKRVNINAAKSSFLPEKEKKELLYKLYEAYGMVLTTGL,360,1.160993728932335,-0.1492763012647628,2.0192893039487565,-0.7027456197781754,-252.98842312014312
38,A0A8S4BYQ7_Menidia_menidia,MHIIARRAAIGFCFPVLGSLCASGLTGTRRTSTMAEKLIFNKPKIELHVHLDGAIRVETILDVAKTRGIPLPADTAEGLKDRIIVHEPGTLTTFLGKFNEYMHVIAGDREAIKRIAFEFVEDKAKEGVIYVEVRYSPHFLANSDVEPIPWNQQKGDLSPDEVVRLVNEGLSEGERAFNIKVRSILCCMRHMPSWSMDVVKLCKKYQRDGVVAIDLAGDESLNCEANPGHRKAYEEAVRCGIHRTVHAGEVGPAFVVKEAVEVLKAERIGHGYRTLEDQALYKKLLGQDMHFEVCPISSKFTGACNPDFTKHPVITFKNDKANYSLNTDDPLIFNSTLHLDYSEVHNHMGFTEEEFKRLNINSAKSSFLPDNEKEQLLQRLYEAYDMIETTAF,392,1.199897265794164,-0.1822359412908554,2.6818261991497536,-0.9864979800564024,-386.70720818210975
39,A0A8J6K0P8_Eleutherodactylus_coqui,MGRASPGAGGLERPDNVIYPAAQRGNSTSRMEGKAGYLQKPKVELHVHLDGSFKPETILHFARKRQIEIPADSVDELLKIISYDEPLSLTEFLAKFAHYMPAIAGDREAIKRVAYEFVEMKAKEGVIYVEVRYSPHFLANSKVDPIPWGQKEGDITPDIVVDLVNQGLREGEKAFNIKARSILCCMRHMPNWSLEVVELCKKYQNDTVVAIDLAGDESLNLEAAPGHRLAYEEAVRCGVHRTVHAGEVGPPSVVKEAVEVLKAERIGHGYHTVEDPHLYRELLNKEMHFETCPWSSYLTGACDPDFTKHPVKQFMEDRANYSLNTDDPLIFRSTLDVDYNIAANQMGLTEEEFKRVNINAAKSSFLPEKEKRELLYKLYEAYDMVLTTGL,390,1.2009001191397193,-0.1830713748931884,2.612877044496937,-0.9604519301297468,-374.57625275060127
40,node316,MAEHVNNQQATFNKPKVELHVHLDGAIRIETILDVAKRRGIALPADTVEEMTQLCTVSEPATLTEFLSKFNQYMHVIAGDREAIKRIAYEFVETKAKEGVIYVEVRYSPHLLANCNVDPIPWNQKEGDVTPDEVVHLVNQGLSEGEKAFNIKARSILCCMRHMPNWSMDVVELCKKYRNDGVVAIDLAGDESLNCEAYPGHRKAYEEAVRSGIHRTVHAGEVGPPSVVREAVEVLKAERIGHGYHTIEDQALYKQLLEQNMHFEVCPISSKLTGACDPDFTKHPLIRFKEDKANYSLNTDDPLIFNSTLDTDYQTVKKYMGFTEEEFMRLNINAAKSSFLPEKEKKDLLNRLYEAYGMVNNTSF,364,1.1257430542128557,-0.1184433102607727,2.004393360803516,-0.6953414517867893,-253.10428845039127
41,node317,MAEHVNNGKATFDKPKVELHVHLDGAIRIETILDVAKRRGITLPAATVEEMTQLCTVSEPATLTEFLDKFNQYMHVIAGDREAIKRIAYEFVETKAKEGVIYVEVRYSPHLLANCNVDPIPWNQKEGDVTPDEVVHLVNQGLKEGEKAFKIKARSILCCMRHMPNWSMDVVELCKKYRNDGVVAIDLAGDESLNCEAYPGHRKAYEEAVRSGIHRTVHAGEVGPPSVVREAVEVLKAERIGHGYHTIEDQALYKQLLEQNMHFEICPISSKLTGACDPDFTKHPLIRFKEDKANYSLNTDDPMIFNSTLDTDYQTVKKYMGFTEEEFMRLNINAAKSCFLPEKEKKDLLNQLYEAYGMVNNTSF,364,1.141650529616388,-0.1324750483036041,2.0611853701741114,-0.7232812397241115,-263.2743712595766
42,node318,MAEHVNNGKPAFDKPKVELHVHLDGAIRIETIMDVAKRRGITLPAATVEEMTQLCTVSEPATLTEFLDKFNQYMHVIAGDREAIKRIAYEFVETKAKEGVIYVEVRYSPHLLANSNVDPIPWNQKEGDVTPDEVVNLVNQGLKEGEKAFKTKARSILCCMRHMPNWSMDVVELCKKYRNDGVVAIDLAGDESLNCEAYPGHRKAYEEAVRSGIHRTVHAGEVGPPSVVREAVEVLKAERIGHGYHTIEDQALYKQLLEQNMHFEICPISSKLTGACDPDFTKHPLIRFKEDKANYSLNTDDPMIFNSTLDTDYQTVKKYMGFTEEEFMRLNINAAKSCFLPEKEKKDLLNQLYEAYGMVNNTSF,364,1.1422146650878222,-0.1329690665006637,2.0867675674742867,-0.7356162502944573,-267.7643151071825
43,node319,MAENNGKPAFDKPKVELHVHLDGAIRIETIMDVAKRRGITLPAATVEEMTQLCTVSEPATLTEFLGKFNHYMHVIAGDREAIKRIAYEFVETKAKEGVIYVEARYSPHLLANSNVDPIPWNQKEGDITPDEVVNLVNQGLKEGEKAFKTKARSILCCMRHMPNWSMDVVELCKKYRNDGVVAIDLAGDESLNCESYPGHKKAYEEAVKSGIHRTVHAGEVGPPSVVREAVEVLKAERIGHGYHTIEDQALYKQLLEQNMHFEMCPISSRLTGACDPDFTKHPLIRFKEDKANYSLNTDDPMIFNSTLNSDYQVVQKYMGFTEEEFKRLNINAAKSCFLPEKEKKELLNQLYKAYGMVNDTSF,362,1.1328146390797846,-0.1247053667902946,2.0223001417298283,-0.7042355476288467,-254.9332682416425
44,node320,MAENNGKPAFDKPKVELHVHLDGAIRIETIMDVAKRRGITLPASTVEEMTQLCTVSEPATLTEFLGKFNHFMHVIAGDREAIKRIAYEFVETKAKEGVIYVEARYSPHLLANSNVDPIPWNQKEGDITPDEVVNLVNQGLKEGEKAFKTKARSILCCMRHMPNWSMDVVELCKKYRNDGVVAIDLAGDESLNCESYPGHKKAYEEAVKSGIHRTVHAGEVGPASVVREAVEVLKAERIGHGYHTIEDQALYKQLLKQNMHFEMCPVSSRLTGACDPDFTKHPLIRFKEDKANYSLNTDDPTIFNSTLNSDYQVVQKYMGFTEEEFKRLNINAAKSCFLPEKEKEELLNQLYKAYGMVNDTSF,362,1.132121165848535,-0.124093011021614,2.0747324889204064,-0.7298322243694212,-264.19926522173046
45,node321,MAEMNGKPAFDKPKVELHVHLDGAIRIKTILDVAKRRGITLPASTEEEMRQLCTVHEPATLTEFLGKFNHFMHAIAGDREAIKRIAYEFVETKAKEGVIYVEARYSPHLLANNGVDPLPWNQKPGDITPDDVVNLVNQGFKEGEKAFKTKARSILCCMRHMPNWSMDVVELCKKYRNDGVVAIDLAGDESMNCESYPGHKKAFEEAVKSNIHRTVHAGEVGPASVVREAVEVLKAERIGHGYHTLEDQALYKQLLKQNMHFEMCPVSSRLTGACDPDFTKHPLITFKKDKANYSLNTDDPTIFNSTLNSDYQVVQKYMDFTEEEFKRLNINAAKSCFLPEKEKEELLNQLYKAYGMVNSTSF,362,1.1624948641760338,-0.1505684405565261,2.317785478574116,-0.840612194722117,-304.30161448940635
46,node322,MAEMNGKPAFDKPKVELHVHLDGAIRIKTILDVAKRRGITLPASTEEEMRQLCTVHEPATLTEFLGKFNHFMHAIAGDREAIKRIAYEFVETKAKEGVIYVEARYSPHLLANKGVDPLPWDQKPGDITPDDVVDLVNQGFKEGEKAFKTKARSILCCMRHMPNWSMDVVELCKKYRKDGVVAIDLAGDESMNCESYPGHKKAFEEAVRSNVHRTVHAGEVGPASVVREAVEVLKAERIGHGYHTLEDQTLYKQLLKQNMHFEMCPVSSRLTGACDPDFTKHPLITFKKDKANYSLNTDDPTIFNSTLNSDYQVVQKYMDFTEEEFKRLNINAAKSCFLPEKEKEELLNQLYKAYGMLKSTSF,362,1.1657484906442943,-0.153363361954689,2.37152991111992,-0.8635352789989151,-312.59977099760727
47,node323,MAEKSGKPAFDKPKVELHVHLDGAIRIKTIVDVAKRRGITLPASSEEEMRQLCIVHEPATLTEFLGKFNHFMHAIAGDREAIKRIAYEFVETKAKEGVIYVEARYSPHLLANKGVDPLPWDQKPGDITPDDVVDLVNQGFKEGEKAFKTKARSILCCMRHMPNWSMDVVELCKKYRKDGVVAIDLAGDESMNCESYPGHKRAFEEAVRSEVHRTVHAGEVGPASVVREAVEVLKAERIGHGYHTLEDQTLYKQLLKQNMHFEMCPVSSRLTGACDPDFTKHPLITFKKDKANYSLNTDDPTIFNSTLNSDYQVVQKYMDFTEEEFKRLNINAAKSCFLPEKEKEELLNQLYKAYGMLKSTSF,362,1.1608041520165289,-0.1491129994392395,2.4108889466492083,-0.8799955370221403,-318.5583844020148
48,node324,MAEKSGKPAFDKPKVELHVHLDGAIRIKTIVEVAKRRGITLPASSEDEMRDLCIVHEPATLTEFLGKFNHFMHAIAGDREAIKRIAYEFVETKAKEGVIYVEARYSPHLLANKGVDPLPWDQKPGDITPDDVVDLVNQGFKEGEKAFKTKVRSILCCMRHMPNWSMDVVELCKKYRKDGVVAIDLAGDESMNCESYPGHKRAFEEAVRSEVHRTVHAGEVGPASVVREAVEVLKAERIGHGYHTLEDQTLYKQLLQQNMHFEMCPVSSRLTGACDPDFTKHPLITFKKDKANYSLNTDDPTIFNSTLNSDYQVVQKYMDFTEEEFKRLNINAAKSCFLPAKEKEELLEQLYKAYGMLKSTGF,362,1.1621242385925143,-0.150249570608139,2.429190738289002,-0.8875581723751159,-321.29605839979195
49,node325,MAEKSGKPAFDKPKIELHVHLDGAIRIKTIVEVAKRRGITLPASSEDEMRDLCIMHEPATLTEFLGKFNHYMHAIAGDREAIKRIAYEFVETKAKEGVIYVEARYSPHLLANKGVDPLPWDQKPGDITPDDVVDLVNQGFKEGEKAFKTKVRSILCCMRHMPNWSMDVVELCKKYRKDGVVAIDLAGDESMNCESYPGHKRAFEEAVRSEVHRTVHAGEVGSASVVREAVEVLKAERIGHGYHTLEDQTLYKQLLQQNMHFEMCPVSSRLTGACDPDFTKHPLITFKKDKANYSLNTDDPTIFNSTLNSDYQVVQKYMDFTEEEFKRLNINAAKSCFLPAKEKEELLEQLYKAYGMLKSTGF,362,1.160085048090205,-0.1484933197498321,2.4361992979624536,-0.8904391601145861,-322.3389759614802
50,node327,MAENNGKPAFDKPKIELHVHLDGAIRIKTIVEVAKRRGITLPANGEDEMRDLVIMHEPATLTEFLGKFNHYMHAIAGDREAIKRIAYEFVETKAEEGVLYVEARYSPHLLANKGVDPLPWDQKPGDITPDDVVDLVNQGFKEGEKAFKTKVRSILCCMRHMPNWSMDVVELCKKYRKDGVVAIDLAGDESMNCESYPGHKRAFEEAVRSEVHRTVHAGEVGSASVVKEAVEVLKAERIGHGYHTLEDQTLYKQLLQQNMHFEMCPVSSRLTGACDPDFTKHPLITFKKDKANYSLNTDDPTIFNSTLNSDYQVVQKYMDFTEEEFKRLNINAAKSCFLPAKEKEELLEQLYEAYGMLKKTGF,362,1.1640181473575568,-0.1518779397010803,2.4445086420709004,-0.893844138342607,-323.57157808002376
51,node379,MEQSPPVFDKPKVELHVHLDGAIKPETILYFGKKRGIKLPADTVEGLLQHVSYKEPLSLTEFLEKFNHYMPAIAGDREAVKRIAYEFVEMKAKEGVIYVEVRYSPHLLANCKVDPIPWGQKEGDLTPDEVVNLVNQGLKEGERDFNIKARSILCCMRHMPSWSPEVVELCKKYQNDSVVAIDLAGDESLNAETYPEHRKAYEEAERCGIHRTVHAGEVGPPSVIKEAVNVLKAERIGHGYHVLEDPALYKELLKQNMHFEVCPWSSYLTGACDPDFTKHPVIQFKKDKANYSLNTDDPLIFNSTIDTDYKIAKKYMGFTEEEFKRVNINAAKSSFLPEKEKKELLNKLYEAYGMVQSTSF,360,1.10376370829298,-0.0987258926033973,1.8093703871225777,-0.5929789323445827,-213.47241564404976
52,node386,MEQGPPVFDKPKVELHVHLDGAIKPETILYFGKKRGIPLPADTVEGLLQHVSYKEPLTLTQFLEKFNHYMPAIAGDREAVRRIAYEFVEMKAKEGVIYVEVRYSPHLLANCKVDPIPWGQKEGDLTPDEVVHLVNQGLQDGERDFNIKARSILCCMRHMPSWSPEVVELCKKYQNNSVVAIDLAGDESLKAETYPEHRKAYEEAERCGIHRTVHAGEVGPPSVIKEAVNVLKAERIGHGYHVLEDPALYKELLKRKMHFEVCPWSSYLTGACDPDFTKHPVIQFKKDKANYSLNTDDPLIFNSTIDTDYKIAKKYMGFTEEEFKRVNINAAQSSFLPEKEKKELLNKLYEAYGMVPNTS,359,1.1033898490955527,-0.0983871221542358,1.884020435045901,-0.6334080227226832,-227.3934801574433
53,node387,MERAPRVFGGPKVELHVHLDGAIRPETILYFGKKRGIPLPGNTVEDLLKHVSYKTPLTLTQFLEKFNHYMPAIAGDREAVRRIAYEFVETKAKEGVVYVEVRYSPHLLANCRVDPIPWGQAEGDLTPDEVVNLVNQGLQDGERDFHIKARSILCCMRHMPSWSPEVVELCKKYQNNSVVAIDLAGDESLKVENYSEHKKAYEEAERCGIHRTVHAGEVGPAAMIKEAVYVLKAERIGHGYHVLEDPELYKELLRTKMHFEVCPWSSYLTGACSPDFTKHPVIQFKKDRANYSLNTDDPLIFNSTIDKDYGIVKEYMGFTEEEFKRVNINAAQSSFLPEKEKQELLNKLYEAYGMVPNTS,359,1.106722732011013,-0.1014031544327735,2.0316066603889107,-0.7088269383353807,-254.46887086240167
54,node388,MERGARVFGGPKVELHVHLDGAIRPETILHFGKKRGIPLPGSTVDDLLKHVSYKTPLTLTQFLEKFNHYMPAIAGDREAVRRIAYELVETKAKEGVVYVEVRYSPHLLANCRVDPIPWGQAEGDLTPDEVVNLVNQGLQDGERDFHIKARSILCCMRHMPSWSPEVVELCKKYQNNSVVAIDLAGDESLKVENSSEHKKAYEEAERCGIHRTVHAGEAGPAAMIKEAVYLLKAERIGHGYHVLEDPELYKELLRTKMHFEVCPWSSYLTGACLPDFRKHPVVQFKKDQANYSINTDDPLIFNSTIDKDYSIVKEYMGFTEEEFKRVNINAAQSSFLPEKEKQELLNTLYEAYGMVPNTS,359,1.124658845894195,-0.1174797415733337,2.161397069315777,-0.7707548039665943,-276.70097462400736
55,node389,KVELHVHLDGAIRPETILHFGKKRGIPLPGSTVDDLLKHVSYKTPLTLTQFLEKFNHYMPAIAGDREAVRRIAYELVETKAKEGVVYVEVRYSPHLLANCRVDPIPWGQAEGDLTPDEVVNLVNQGLQDGERDFHIKARSILCCMRHMPSWSPEVVELCKKYQNNSVVAIDLAGDESLKVENSSEHKKAYEEAERCGIHRTVHAGEAGPAAMIKEAVYLLKAERIGHGYHVLEDPELYKELLRTKMHFEVCPWSSYLTGACLPDFRKHPAVQFRKDQANYSINTDDPLIFNSTIDKDYSIVKEYMGFTEEEFKRVNINAAQSSFLPEKEKQELLNTLYEAYGMVPNTS,348,1.1185424990801869,-0.112026497721672,2.098708475776184,-0.7413221439970563,-257.9801061109756
56,node391,QVELHVHLDGAIRPETILHFGRKRGVPLPGSTVDDLLKHVSYKTPLTLTQFLEKFNHYMPAIAGDREAVRRIAYELVETKAKEGVVYVEVRYSPHLLANCRVDPIPWGQAEGDLTPDEVVNLVNQGLQDGERDFHIKARSILCCMRHMPSWSPEVVELCKKYQNNSVVAIDLAGDESLKVENSSEHKKAYEEAERCGIHRTVHAGEAGPAAMIKEAVYLLKAERIGHGYHVLEDPELYKELLRTKMHFEVCPWSSYLTGACLPDFRKHPAVQFRKDQANYSINTDDPLIFNSTIDKDYSIVKDYMGFTEEEFKRVNINAAQSSFLPEKEKQELLNTLYEAYGMVPNAS,348,1.1420909340283207,-0.1328607350587844,2.1575635453978035,-0.7689795967967727,-267.6048996852769
57,node392,RKRGVPLPGSTVDDLLKHVSYKTPLTLTQFLEKFNHYMPAIAGDREAVRRIAYELVETKAKEGVVYVEVRYSPHLLANCRVDPIPWGQAEGDLTPDEVVNLVNQGLQDGERDFHIKARSILCCMRHMPSWSPEVVELCKKYQNNSVVAIDLAGDESLKVENSSEHKKAYEEAERCGIHRTVHAGEAGPPAMIKEAVYLLKAERIGHGYHVLEDPELYKELLRTKMHFEVCPWSSYLTGACLPDFRKHPAVQFRKDRANYSINTDDPLIFNSTIDKDYSIVKDYMGFTEEDFKRVNINAAQSSFLPEKEKQELLNTLYEAYGMVPNAS,327,1.136998631233381,-0.1283920109272003,2.142160756741557,-0.7618150190421191,-249.11351122677297
58,node393,RKRGVPLPGSTVDDLLKHVSYKTPLTLTQFLEKFNHYMPAIAGDREAVRRIAYELVETKAKEGVVYVEVRYSPHLLANCRVDPIPWGQAEGDLTPDEVVNLVNQGLQDGERDFHIKARSILCCMRHMPSWSPEVVELCKKYRNNSVVAIDLAGDESLKVENSSEHKKAYEEAERCGIHRTVHAGEAGPPAMIKEAVYLLKAERIGHGYHVLEDPELYKELLRTKMHFEVCPWSSYLTGACLPDFRKHPAVQFRKDRANYSINTDDPLIFNSTIDKDYSIVKDYMGFTEEDFKRVNINAAQSSFLPEKEKQELLNTLYEAYGMVPNAS,327,1.1335169824215878,-0.1253251731395721,2.117395303977244,-0.7501867030996353,-245.31105191358077
59,node395,RKRGVPLPGSTVDDLLKHVSYKTPLTLTQFLEKFNHYMPAIAGDREAVRRIAYELVETKAKEGVVYVEVRYSPHLLANCRVDPIPWGQAEGDLTPDEVVNLVNQGLQDGERDFHIKARSILCCMRHMPSWSPEVVELCKKYRNNSVVAIDLAGDESLKVENSSEHKKAYEEAERCGIHRTVHAGEAGPPAMIKEVRALLHGQALGHGSHCPNSPELYKELLHGEPFSSEQTGACFPDFHKHPPVGFRKDRANYSINTDDPLIFNSTIDKDYSIVKDYMGFTEEDFKRVNINAAQSSFLPEKEKQELLNTLYEAYGMVPNAS,321,1.2723718464676397,-0.2408827543258667,3.0258505327943013,-1.1071922198284128,-355.40870256492053
60,node396,RKRGVPLPGSTVDDLLKHVSYKTPLTLTQFLEKFNHYMPAIAGDREAVRRIAYELVETKAKEGIIYVEVRYSPHLLANCRVDPIPWGQAEGDLTPDEVVNLVNQGLQDGERDFHIKARSILCCMRHMPSWSPEVVELCKKYRNNSVVAIDLAGDESLKVENSSEHKKAYEEAERCGIKETWTTGVLEGEAKPPAMCPWTNGLMKRIKHVRRFLHGWALDASSLCHNAPEGEPVEKDPTGAAFPDPNAHTPVGFRKDRANYSINTDDPLIFNSTIDKDYSIVKDYMGFTEEDFKRVNINAAQSSFLPEKEKQELLNTLYEAYGMVPNAS,328,1.3274092531988513,-0.283229112625122,3.9043040335161625,-1.3620795429560977,-446.7620900896
61,A0A7L3PJ11_Xiphorhynchus_elegans,TRVFISRKRGIPLPGDTVEELLKYVSYDTPLSLPQFLEKFNYYMPAIAGDREAVRRIAYEFVETKAKEGMAYVEVRYSPHLLANCNVDPIPWGQAKGDLTPDEVVQLVNQGLQDGERDFHIKARSILCCMRHMPSWSPEVVELCKKYRNNSVVAVDLAGDETLKVENYSEHKKAYEVCGISFLKEIIRKIHIEGMCGKGQAACFFDCKQLREVLRVREFLHLCPGEASKFSHVAADAKKVEIPNAGTAIRFRKDRANYSLNTDDPLIFNSTIDKDYGIVKEYMGFTEEEFKRININAAQSSFLPEKEKQELLNKLYEAYGMVPNAS,326,1.2805424428459915,-0.2472837716341018,4.066347526925483,-1.4027451830060846,-457.2949296599836
62,A0A673JME8_Sinocyclocheilus_rhinocerous,MAENNGKPAFDKPKIELHVHLDGAIRIKTIVEVAKRRGITLPVNGEDEMRDLVIMHEPATLTEFLGKFNHYMHAIAGDREAIKRIAYEFVQTKAEEGVLYVEARYSPHLLANKGVDPLPWDQKPGDITPDDVVDLVNQGFKEGEKAFKTKVRSILCCLRHKPNWSMDVVELCKKYRKDGVVAIDLAGDESMNCESYPGHKRAFEEAVRSEVHRTVHAGEVGSANVVKEAVEVLKAERIGHGYHTLEDQTLYKRLLQQNMHFEMCPVSSRLTGASDPDFTKHPLITFKKDKANYSLNTDDPTIFNSTLNSDYQVVQKYMDFTEEEFKRLNINAAKSCFLPAKEKEELLEQLYEAYGMLKKTGF,362,1.1776833831715845,-0.1635492742061615,2.5594391690107137,-0.9397881598859344,-340.2033138787083
