sequence_id,sequence,length,perplexity,mean_log_prob,pseudo_perplexity,mean_pll,pll
node329_consensus,MTVSRRSKQWWKQAIIYQIYPASFCDSNGDGMGDLQGIISKLDYIASLGVDVIWVCPMYDSPQVDMGYDISNYEDVYAPYGTLQDMEELIRKTHEKGMKIMLDLVINHTSDKHAWFEESRLSKDSPKRDWYIWRPAKYSPDGQRLPPNNWRSNFGGGSVWEWDETTGEYYLHLFAKEQPDLNWENPETRRAIYASSMEFWLDRGVDGFRVDTVNMYSKLQDFPDAPITDPKAKYQPAGLLYCNGPRMHEFLGEMNEILERYGAITVGELPHTPDLEKVLRYVSAKEKQLNMVFQFDVVDIGFGKTHKYETTPKNYTLPQLKDAFGRTQSLIQGTDAWTTVFMENHDQARSVSRFTNDSPQYRVAGAKLLALLQSCLSGTQYVYQGQEIGSVNAPKESYPLENYVDIESYQFLDIVKERSGNDEQEIDKAFNALQHLARDHARIPICWSDTKHGGFSEAAEKAGQPVKEPWMQAHPLSREINVASQLDDPNSVLSFWKKALHFRKEFSDLTVYGDYKLLRREDPDVYAFVKESQVDGSKVAVVLNFTTEEKTLSALTGEELGVTSGKEVKLVPIMSTHSGKEQTVLSPFEGRVYLVT,596,1.2352704970724864,-0.21128997206687927,3.414967736673266,-1.2281680454446744,-731.9881550850259
node406_consensus,MTVTQRPWWKDGVVYQIYPASFKDSNGDGIGDLNGIISELDYIRSIGVDVIWICPMYDSPQVDMGYDIRDYEDVYRPYGTVQDMERLIAETHSRGMKIILDLVVNHTSDQHKWFQESRSSKDNPKRDWYIWRPARYVDGVRKPPNNWVSNFTGSVWEWDEHTQEYYLHLFCPEQPDLNWENPETRKAIYKSAMEFWLKRGVDGFRVDTVNMYSKGDMLDAPITDPGSEWQFAGYQYCNGPRMAEFLGEMNQILEKYDAMTVGECPHTLDMKRVHQYVSAKEKQLSMVFQFDVVDVGQGPYKFQTTPKNWTLPQFKRAIARTQDLIRPPSDGWTTVFLENHDQARSITRFTSDAPEHRVAGGKMLALMMSALSGTLFIYQGQEIGMTNFPESWDMSEYKDVDSSNYYKMVAARTNNDVDALAAAHKSLQHLARDHARVPMSWSTAPYNGFSPPDAKAKPWMRPLEDADVCNAKQQQSDKTSVLGFWKRMLQLRKEHKDLLVHGQYDDLDVDNEQFFVFSKTWQGKRALCICNFTDESKDLVFPESVAGQKMQLLVSSVQDVEEKTLAAYEGRIYLLA,576,1.2348273368723435,-0.21093115210533142,3.3937233551822774,-1.2219276535259445,-703.8303284309441
node397_consensus,MTVTQRPWWKDGVVYQIYPASFKDSNGDGIGDLNGIISELDYIRSIGVDVIWICPMYDSPQVDMGYDIRDYEDVYRPYGTVQDMERLIAETHSRGMKIILDLVVNHTSDQHKWFQESRSSKDNPKRDWYIWRPARYVDGERKPPNNWVSNFTGSVWEWDEHTQEYYLHLFCPEQPDLNWENPETRQAIYKSAMEFWLERGVDGFRVDTVNMYSKGEMLDAPITDPGSEWQFAGYQYCNGPRMAEFLGEMNQILEKYDAMTVGECPNTPDMKRVLQYVSAKEKQLNMVFQFDVVDVGQGPYKFQTTPKNWTLPQFKRAIARTQDLIRPSDGWTTVFLENHDQSRSITRFTSDAPEHRVAGGKMLALMMCALSGTLFIYQGQEIGMTNFPESWDMSEYKDVDSSNYYKMVAARTNNDPDALAAAHKSLQHLARDHARVPMSWSTAPYNGFSPPDAKAKPWMRPLEDADVCNAKQQQSDKTSVLAFWKRMLQVRKEHNDLLVHGQYDDLDVENEDFFVFSKTWQGKKAVCVCNFTDKEKQLVFPESVAGQKMELLVSSVDDVEEKELAAFEGRIYLLA,575,1.2294836547361132,-0.2065942883491516,3.291517503568266,-1.1913487057206373,-685.0255057893664
node299_consensus,MMTMTVREKPWWKDAVIYQIYPASFKDSNGDGIGDLPGIISKLDYIASLGVDVIWVCPMYDSPQVDMGYDISDYEDVYPPYGTVQDMETLIRETHARGMRIILDLVINHTSDQHAWFKESRSSKDNPKRDWYIWRPAKYDADGNRKPPNNWRSNFGGSVWEWDELTQEYYLHLFAPEQPDLNWENPETRQAIYASAMEFWLDRGVDGFRVDTVNMYSKPPDFPDAPITDPKAEWQPAGLLYCNGPRMHEFLSEMNEILSKYGAMTVGELPHTPDMERVLRYVSAKEKQLNMVFQFDVVDVGFGKTHKFETTPKNWTLPDLKAAIARTQSLIRGTDAWTTVFLENHDQARSVSRFGSDSPELRVASAKMLALMQACLSGTLFIYQGQEIGMVNAPKEWPIEEYKDVDSTNYYKMVKERSGNDPAALDKAKAALQHLARDHARVPMQWSGTKNGGFSDESAKPWMRVHPLAPEINVASQLDDPSSVLSFWKKMLRLRKEHADLLVHGDFELLDEENEDVFVFVKESQGQKALVVLNFTDEEQKLELPSGLGGVKLKLLMSNVDGEDEGVLQPFEGRVYLVTA,580,1.1686168748494594,-0.15582089126110077,2.7793406823846394,-1.0222137349647302,-592.8839662795435
node289_consensus,MMTMTVREKKWWKDAVIYQIYPASFKDSNGDGIGDIPGIISKLDYIASLGVDVIWVCPMYDSPQVDMGYDISDYEDVYPPYGTVQDMETLIRETHARGMRIILDLVINHTSDQHAWFKESRSSKDNPKRDWYIWRPAKYDADGNRKPPNNWRSNFGGSAWEWDETTQEYYLHLFAPEQPDLNWENPETRQAIYASAMEFWLDRGVDGFRVDTVNMYSKPPDFPDAPITDPKAEWQPAGLLYCNGPRMHEFLSEMNREILSKYDAMTVGELPHTPDMERVLRYVSAKEKQLNMVFQFDVVDVGFGKTHKFETTPKNWTLPDLKAAIARTQSLIRGTDAWTTVFLENHDQARSVSRFGSDSPELRVASAKMLALLQACLSGTLFIYQGQEIGMVNAPKEWPIEEYKDVDSTNYYKMVKERSGNDPAALDKAKAALQHLARDHARVPMQWSGTKNGGFSDESAKPWMRVHDLAPEINVASQLDDPSSVLSFWKKMLRLRKEHADLLVYGDFELLDEENEDVFVFVKESQGGGQKALVVLNFTDEEQKLELPAGLGGVKLKLLVSNVDGKEDEGVLQPFEGRVYLVAAPN,586,1.1756494223712175,-0.1618206948041916,2.8087144762956084,-1.0327268969236194,-605.1779615972409
node302_consensus,MMTVSGREKQWWKQAVIYQIYPASFCDSNGDGIGDLPGIISKLDYIASLGVDVIWVCPMYDSPQVDMGYDISNYEDVYAPYGTLQDMETLIRETHARGMKIMLDLVINHTSDQHAWFKESRLSKDSPKRDWYIWRPAKYSPTGERLPPNNWRSNFGGGSAWEWDETTGEYYLHLFAKEQPDLNWENPETRRAIYASSMEFWLDRGVDGFRVDTVNMYSKPQDFPDAPITDPKAPYQPAGLLYCNGPRMHEFLGEMNEILERYGAITVGELPHTPDLEKVLRYVSAKEKQLDMVFQFDVVDVGFGKTHKYETTPKNYTLPDLKDAVGRTQSLIRGTDAWTTVFMENHDQARSVSRFTDDSPEYRVAGAKLLALLQSCLSGTQYVYQGQEIGSVNAPKESYPLENYLDIDSYLFLDMVKERSGADNEQELDKAFNALQHLARDHARIPMCWSGKAKHGGFSEAKPVKEPWMKAHPLAGEINVASQLDDPDSVLAFWKKALRFRKEHADLLVYGDYKLLRPEDPDVYAFVKESQVGSKAAVVLNFTTEEKTWSAPSAEELGPVKLVPIMSTHSGKEQTGVLSPFEGRVYLVTA,590,1.2288815081023088,-0.20610441267490387,3.23187383940171,-1.17306210505839,-692.1066419844501
node508_consensus,MATTQHPWWKEATVYQIYPASFNDSNDDGIGDIPGITQKLDYIQSLGVDVIWVCPMYDSPQVDMGYDISDYEAVYPPYGTVQDMEVLIHEVHSRGMKIILDLVVNHTSDQHAWFKESRSSKTNPKRDWYIWKPAKYDNDGTRKPPNNWRSNFGGSVWEWDELTQEYYLHLFCPEQPDINWENEEARKAIYQSAMISWLDKGVDGFRIDTVNMYSKPVGLPDAPIKDPTAEWQDAGLVYCNGPRMDEYLGEMNAILSRYNAMSVGECPFTPDPARVLGYVSEKEARLNMVFQFDSVDVGIGSAFKYMTKPFNYTLADVKSAICRTQGLLDGTDAWTTSFIENHDQARSISRFGNDSPQWRSRSGKMLAMLFASLSGTLFVYQGQEIGMINIPKEWPIEEYKDVDSINYYAEVVRRNPNDTKAHDKAKAALQHLARDHARTPMQWSSQRNAGFTSDSATPWMRANTSAQEINVADETNDHASVLNFWRQMLKLRKTHAEVLVHGIFKLVDDDNPSVFSFVKTSPDGQSKSALVVCNFSDNESKLPLIDGLSLSSANMLLDNVSETKDQSMLQPWEGRLYISA,580,1.2013555746210298,-0.18345056474208832,2.9855634530661197,-1.0937884905275432,-634.3973245059751
node507_consensus,SEVMAMIQAPWWKDAVVYQIYPASFKDSNNDGIGDIQGIIQKLDYIQSLGVDVIWVCPMYASPQIDMGYDISDYEAVYPPYGTVADMEDLIHEVHSRGMKIILDLVINHTSDQHAWFKESRSSKTNPKRDWYIWKPAKYDKDGNRKPPNNWRSNFGGSVWEWDELTQEYYLHLFCPEQPDLNWENDETRQAIYQSAMIFWLDKGVDGFRIDTVNMYSKPSGLPDAPITDPDAFWQEAGLVYCNGPRMDEYLMEMNAILKRYNAMSVGECPFTPDMERVRRYVSAQEKRLNMVFQFDIVDVGIGKVHKFRTKPFNYKLTDMKSAIARTQSLISGTDAWTTSFIENHDQARSISRFGNDTSPEWRIRSGKMLALLFASLSGTLFIYQGQEIGMINLPKSWPIEEYKDVDSINYYNEVVERSHNDKEALAKAKAALQHLARDHARTPMQWESTPNGGFTGESVKPWMKLNPSTTEINVEQQIDDPHSVLNFWRKMLQLRKKHKEVLVHGVFELVDVDNENVFSFLKHSKNEKALVVCNFSDGESKLPLIDGLFLGSGDLLIDNVDESKESTLQPWEGRVYLFN,580,1.210389902005119,-0.19094254076480865,3.1292490090602376,-1.140793042555893,-661.6599646824179
node428_consensus,MSPMAPTQEPWWKNATIYQIYPASFKDSNGDGIGDIPGIISKLDYIQSLGVDVIWVCPMYDSPQIDMGYDISDYESVYPPYGTVADMETLIDACHSRGMRIILDLVVNHTSDQHAWFKESRSSKTNPKRDWYIWKPAKYDADGNRKPPNNWRSNFGGSAWEWDELTQEYYLHLFCPEQPDLNWENEETRQAIYESAMEFWLDKGVDGFRVDTVNMYSKPPEYPDAPITDPKSEWQEAASLYCNGPRMHEYLSEMNEILSKYDAMTVGELPNTPDVERVLRYVSAAEKQLNMVFQFDVVDVGIGKDYKFLTTPRNWTLPDLKSAIARTQDLIDGTDGWTTVFMENHDQARSISRFGSDTPELRVRSAKMLAMLQASLSGTLFIYQGQEIGMVNAPESWPIEEYKDVDSTNYYNMVKERSNNDPAALAKAMAALQHLARDHARTPMQWSSTPNAGFTGSSAKPWMRVNDNYPEINVKRQEKDPSSVLSFWKQMLQLRKEYADVFVHGVFELLDEDNEKVFSFEKTSKNQKALVVLNFSDEEQKLPLPAGLGGGDAKLLLSNVDGEDEDTLQPFEGRVYLVN,579,1.1681379556192328,-0.1554109901189804,2.783326264364891,-1.0236467104422884,-592.691445346085
node396_consensus,MTVTQRPWWKDGVVYQIYPASFKDSNGDGIGDLNGIISELDYIRSIGVDVIWICPMYDSPQVDMGYDIRDYEDVYRPYGTVQDMERLIAETHSRGMRIILDLVVNHTSDQHKWFQESRSSKDNPKRDWYIWRPARYVDGERKPPNNWVSNFTGSVWEWDEHTQEYYLHLFCPEQPDLNWENPETRQAIYKSAMEFWLERGVDGFRVDTVNMYSKGEMLDAPITDPGSEWQFAGYQYCNGPRMAEFLGEMNQILEKYDAMTVGECPHTPDMKRVLQYVSAKEKQLNMVFQFDVVDVGQGPYKFQTTPKNWTLPQFKRAIARTQDLIRPSDGWTTVFLENHDQSRSITRFTSDAPEHRVAGGKMLALMMCALSGTLFIYQGQEIGMTNFPESWDMSEYKDVDSSNYYKMVAARTNNDPDALAAAHKSLQHLARDHARVPMSWSTAPYNGFSPPDAKAKPWMRPLEDADVCNAKQQQSDKTSVLAFWKRMLQVRKEHNDLLVHGQYDDLDVENEDFFVFSKTWQGKKAVCVCNFTDKEKQLVLPESVAGQKMELLVSSVDDVEEKELAAYEGRIYLLA,575,1.2278974254186863,-0.20530329644680023,3.2763177448650636,-1.1867201530044829,-682.3640879775776
node385_consensus,GRLMTVTQRPWWKDGVVYQIYPASFKDSNGDGIGDLNGIISELDYIRSIGVDVIWICPMYDSPQVDMGYDIRDYEDVYPPYGTVQDMERLIAETHARGMRIILDLVVNHTSDQHKWFQESRSSKDNPKRDWYIWRPARYDVDGERKPPNNWVSNFTGSVWQWDEHTQEYYLHLFCPEQPDLNWENPETRQAIYKSAMEFWLERGVDGFRVDTVNMYSKGDMLDAPITDPGSEWQFAGYQYCNGPRMAEFLGEMNQILEKYDAMTVGECPNTPDMKRVLKYVSAKEKQLNMVFQFDVVDVGQGPGYKFQTTPKNWTLPQFKRAIARTQDLIRGSDGWTTVFLENHDQSRSITRFTSDAPEHRVAGGKMLALMMCALSGTLFIYQGQEIGMTNFPLSWDMSEYKDVDSSNYYKMVAARTNNDPDALAAAKASLQHLARDHARVPMSWSTAPNNGFSPDAKAKPWMRPLEDAAVCNAKQQQSDKTSVLAFWKRMLQLRKEYNDLLVHGQFDDLDVENEDLFVFSKTWQGKKALVVCNFTDEEQQLVLPESVAGQKMELLVSSVDDVEEKKLAAYEGRVYLLA,579,1.232301566730046,-0.2088836133480072,3.3939662599640466,-1.2219992256795476,-707.537551668458
node515_consensus,MGFTSAQSGSEVRQTGQHPWWKEATVYQIYPASFNDSNDDGIGDIPGITQKLDYIQSLGVDVIWVCPMYDSPQVDMGYDISDYEAVYPPYGTVQDMEVLIHEVHSRGMKIILDLVVNHTSDQHAWFKESRSSKTNPKRDWYIWKPAEYDNDGSRKPPNNWRSIFGGSVWEWDELTQEYYLHLFCPEQPDINWENEEARKTIYQSAMISWLDKGVDGFRIDTVNMYSKPVGLPDAPIKDPTAQWQDAGLVYCNGPRMDEYLGEMNAILSRYNAMSVGECPFTPDPARILGYVSEKEARLNMVFQFDSVDVGIGSAHRYMTTPFNYTLADVKSAICRTQGLIDGTDAWTTSFIENHDQPRSISRFGNDSPQWRSRSGKMLAVLFASLSGTLFVYQGQEIGMINIPKEWPIEEYKDVDTIGYYAEVVRKNPNDTKAHDQTKAALQHLARDHARTPMQWSSQTNAGFTSESATPWMRANTSTQEGINVADETNDHASVLNFWRHMLQLRKTHAEVLVHGIFKLIDDDNPSVFSFIKTSPDTQSKAIVICNFSNEESKLPTIDGLGSSNMLIDNVSETEPKDQSMLQPWEGRLYISA,592,1.220327905550986,-0.19911959767341614,3.2337150467623945,-1.1736316455729114,-694.7899341791635
node429_consensus,MSPMAPTDEPWWKNATIYQIYPASFKDSNGDGIGDIPGIISKLDYIQSLGVDVIWVCPMYDSPQIDMGYDISDYESVYPPYGTVADMETLIDACHSRGMRIILDLVVNHTSDQHAWFKESRSSKTNPKRDWYIWKPAKYDADGNRKPPNNWRSNFGGSAWEWDELTQEYYLHLFCPEQPDLNWENEETRQAIYESAMEFWLDKGVDGFRVDTVNMYSKPPEYPDAPITDPKSEWQEAASLYCNGPRMHEYLSEMNEILSKYDAMTVGELPNTPDVERVLRYVSAAEKQLNMVFQFDIVDVGIGKDYKFLTTPRNWTLPDLKSAIARTQDLIDGTDGWTTVFMENHDQARSISRFGSDKTPELRVRSAKMLAMLQASLSGTLFIYQGQEIGMVNAPESWPIEEYKDVDSTNYYNMVKERSNNDPAALAKAMAALQHLARDHARTPMQWSSTPNAGFTGESAKPWMRVNDNYPEINVKRQEKDPSSVLSFWKQMLQLRKEYADVFVHGVFELLDEDNEKVFSFEKTSKNQKALVVLNFSDEEQKLPLPAGLGGGDAKLLLSNVDGEDEDTLQPFEGRVYLVN,580,1.171624488204316,-0.15839123725891113,2.8207344860628427,-1.0369973070878868,-601.4584381109744
node298_consensus,MMTMTVREKKWWKDAVIYQIYPASFKDSNGDGIGDLPGIISKLDYIASLGVDVIWVCPMYDSPQVDMGYDISDYEDVYPPYGTVQDMETLIRETHARGMRIILDLVINHTSDQHAWFKESRSSKDNPKRDWYIWRPAKYDADGNRKPPNNWRSNFGGSAWEWDETTQEYYLHLFAPEQPDLNWENPETRQAIYASAMEFWLDRGVDGFRVDTVNMYSKPPDFPDAPITDPKAEWQPAGLLYCNGPRMHEFLSEMNEILAKYDAMTVGELPHTPDMERVLRYVSAKEKQLNMVFQFDVVDVGFGKTHKFETTPKNWTLPDLKAAIARTQSLIRGTDAWTTVFLENHDQARSVSRFGSDSPELRVASAKMLALLQACLSGTLFIYQGQEIGMVNAPKEWPIEEYKDVDSTNYYKMVKERSGNDPAALDKAKAALQHLARDHARVPMQWSGTKNGGFSDESAKPWMRVHDLAPEINVASQLDDPSSVLSFWKKMLRLRKEHADLLVYGDFELLDEENEDVFVFVKESQGGQKALVVLNFTDEEQKLELPSGLGGVKLKLLVSNVDGEDEGVLQPFEGRVYLVAA,581,1.1692101376585033,-0.15632842481136322,2.7393923832445184,-1.0077361378680945,-585.4946961013629
node512_consensus,MGFTSAQSGSEVRQTGQHPWWKEATVYQIYPASFNDSNDDGIGDIPGITQKLDYIQSLGVDVIWVCPMYDSPQVDMGYDISDYEAVYPPYGTVQDMEVLIHEVHSRGMKIILDLVVNHTSDQHAWFKESRSSKTNPKRDWYIWKPAEYDNDGSRKPPNNWRSIFGGSVWEWDELTQEYYLHLFCPEQPDINWENEEARKTIYQSAMISWLDKGVDGFRIDTVNMYSKPVGLPDAPIKDPTAQWQDAGLVYCNGPRMDEYLGEMNAILSRYNAMSVGECPFTPDPARILGYVSEKEARLNMVFQFDSVDVGIGSAHRYMTTPFNYTLADVKSAICRTQGLIDGTDAWTTSFIENHDQPRSISRFGNDSPQWRSRSGKMLAVLFASLSGTLFVYQGQEIGMINIPKEWPIEEYKDVDTIGYYAEVVRKNPNDTKAHDQTKAALQHLARDHARTPMQWSSQTNAGFTSESATPWMRANTSAQEGINVADETNDHASVLNFWRQMLKLRKTHAEVLVHGIFKLIDDDNPSVFSFIKTSPDTQSKAIVICNFSDKESKLPTIDGLSSSNMLIDNVSETETKDQSMLQPWEGRLYISAK,593,1.2305314790345356,-0.2074461728334427,3.2536752241477735,-1.179785195625073,-699.6126210056682
node331_consensus,MTVSRRSKQWWKQAIIYQIYPASFCDSNGDGMGDLQGIISKLDYIASLGVDVIWVCPMYDSPQVDMGYDISNYEDVYAPYGTLQDMEELIRKTHEKGMKIMLDLVINHTSDKHAWFEESRLSKDSPKRDWYIWRPAKYSPEGQRLPPNNWRSNFGGGSVWEWDETTGEYYLHLFAKEQPDLNWENPETRRAIYASSMEFWLDRGVDGFRVDTVNMYSKLQDFPDAPITDPKAKYQPAGLLYCNGPRMHEFLGEMNEILERYGAITVGELPHTPDLEKVLRYVSAKEKQLNMVFQFDVVDIGFGKTHKYETTPKNYTLPQLKDAVGRTQSLIQGTDAWTTVFMENHDQARSVSRFTNDSPQYRVAGAKLLALLQSCLSGTQYVYQGQEIGSVNAPKESYPLENYVDIESYQFLDLVKERSGEDEQEIDKAFNALQHLARDHARIPICWSDTKHGGFSEAAEKAGQPVKEPWMQAHPLSREINVASQLDDPNSVLSFWKKALHFRKEFSDLTVYGDYKLLRREDPEVYAFVKESQVDGSKVAVVLNFTTEEKTLSALTGEELGVTNGQEVKLVPIMSTHAGKEQTGVLSPFEGRVYLVT,597,1.2338351833879828,-0.2101273536682129,3.3988126813200323,-1.223426159257163,-730.3854170765262
node387_consensus,MTVTEQRPWWKDGVVYQIYPASFKDSNGDGIGDLNGIISELDYIRSIGVDVIWICPMYDSPQVDMGYDIRDYEDVYPPYGTVQDMERLIAETHARGMRIILDLVVNHTSDQHKWFQESRSSKDNPKRDWYIWRPARYVDGERKPPNNWVSNFTGSVWQWDEHTQEYYLHLFCPEQPDLNWENPETRQAIYKSAMEFWLERGVDGFRVDTVNMYSKGEMLDAPITDPGSEWQFAGYQYCNGPRMAEFLGEMNQILEKYDAMTVGECPHTPDMKRVLKYVSAKEKQLNMVFQFDVVDVGQGPYKFQTTPKNWTLPQFKRAIARTQDLIRPSDGWTTVFLENHDQSRSITRFTSDAPEHRVAGGKMLALMMCALSGTLFIYQGQEIGMTNFPLSWDMSEYKDVDSSNYYKMVAARTNNDPDALAAAKASLQHLARDHARVPMSWSTAPNNGFSPAKPWMRPLEDAAVCNAKQQQSDKTSVLAFWKRMLQLRKEYNDLLVHGQYDDLDVENEDLFVFSKTWQGKKAVCVCNFTDKEKQLVLPESVAGQKMELLVSSVDDVEEKELAAYEGRIYLLA,572,1.2312465475793286,-0.20802710950374603,3.3102705297735198,-1.197029917098573,-684.7011125803838
node332_consensus,MTVSRRSKQWWKQAIIYQIYPASFCDSNGDGMGDLQGIISKLDYIASLGVDVIWVCPMYDSPQVDMGYDISNYEDVYAPYGTLQDMEELIRKTHEKGMKIMLDLVINHTSDKHAWFEESRLSKDSPKRDWYIWRPAKYSPEGQRLPPNNWRSNFGGGSVWEWDETTGEYYLHLFAKEQPDLNWENPETRRAIYASSMEFWLDRGVDGFRVDTVNMYSKLQDFPDAPITDPKAKYQPAGLLYCNGPRMHEFLGEMNEILERYGAITVGELPHTPDLEKVLRYVSAKEKQLNMVFQFDVVDIGFGKTHKYETTPKNYTLPQLKDAVGRTQSLIQGTDAWTTVFMENHDQARSVSRFTNDSPQYRVAGAKLLALLQSCLSGTQYVYQGQEIGSVNAPKESYPLENYVDIESYQFLDLVKERSGEDEQEIDKAFNALQHLARDHARIPICWSDTKHGGFSEAAEKAGQPVKEPWMQAHPLSREINVASQLKDPNSVLSFWKKALHFRKEFSDLTVYGDYKLLRREDPEVYAFVKESQVDGSKVAVVLNFTTEEKTFSALTGEELGVTNAKEVKLVPIMSTHAGKEQTGVLSPFEGRVYLVT,597,1.2375626868702354,-0.21314387023448944,3.4340520233690066,-1.2337409118564564,-736.5433243783045
node509_consensus,RSTGQHPWWKEATVYQIYPASFNDSNDDGIGDIPGITQKLDYIQSLGVDVIWVCPMYDSPQVDMGYDISDYEAVYPPYGTVQDMEVLIHEVHSRGMKIILDLVVNHTSDQHAWFKESRSSKTNPKRDWYIWKPAKYDNDGSRKPPNNWRSNFGGSVWEWDELTQEYYLHLFCPEQPDINWENEEARKAIYQSAMISWLDKGVDGFRIDTVNMYSKPVGLPDAPIKDPTAQWQDAGLVYCNGPRMDEYLGEMNAILSRYNAMSVGECPFTPDPARVLGYVSEKEARLNMVFQFDSVDVGIGSAHKYMTKPFNYTLADVKSAICRTQGLIDGTDAWTTSFIENHDQARSISRFGNDSPQWRSRSGKMLAMLFASLSGTLFVYQGQEIGMINIPKEWPIEEYKDVDTINYYAEVVRRNPNDTKAHDQAKAALQHLARDHARTPMQWSSQTNAGFTSESATPWMRANTSAQEGINVADETNDHASVLNFWRQMLKLRKTHAEVLVHGIFKLIDDDNPSVFSFIKTSPDTQSKAIVVCNFSDKESKLPLIDGLSLSSANMLLDNVSETGTKDQSMLQPWEGRLYISA,582,1.217548531630152,-0.19683943688869476,3.0416327048470557,-1.1123944452083754,-647.4135671112745
node330_consensus,MTVSRRSKQWWKQAIIYQIYPASFCDSNGDGMGDLQGIISKLDYIASLGVDVIWVCPMYDSPQVDMGYDISNYEDVYAPYGTLQDMEELIRKTHEKGMKIMLDLVINHTSDKHAWFEESRLSKDSPKRDWYIWRPAKYSPDGQRLPPNNWRSNFGGGSVWEWDETTGEYYLHLFAKEQPDLNWENPETRRAIYASSMEFWLDRGVDGFRVDTVNMYSKLQDFPDAPITDPKAKYQPAGLLYCNGPRMHEFLGEMNEILERYGAITVGELPHTPDLEKVLRYVSAKEKQLNMVFQFDVVDIGFGKTHKYETTPKNYTLPQLKDAFGRTQSLIQGTDAWTTVFMENHDQARSVSRFTNDSPQYRVAGAKLLALLQSCLSGTQYVYQGQEIGSVNAPKESYPLENYVDIESYQFLDIVKERSGNDEQEIDKAFNALQHLARDHARIPICWSDTKHGGFSEAAEKAGQPVKEPWMQAHPLSREINVASQLDDPNSVLSFWKKALHFRKEFSDLTVYGDYKLLRREDPDVYAFVKESQVDGSKVAVVLNFTTEEKTLSALTGEELGVTSGKEVKLVPIMSTHSGKEQTGVLSPFEGRVYLVT,597,1.2386958774623364,-0.21405911445617676,3.3960135103732725,-1.2226022467607611,-729.8935413161744
node510_consensus,RQTGQHPWWKEATVYQIYPASFNDSNDDGIGDIPGITQKLDYIQSLGVDVIWVCPMYDSPQVDMGYDISDYEAVYPPYGTVQDMEVLIHEVHSRGMKIILDLVVNHTSDQHAWFKESRSSKTNPKRDWYIWKPAEYDNDGSRKPPNNWRSIFGGSVWEWDELTQEYYLHLFCPEQPDINWENEEARKTIYQSAMISWLDKGVDGFRIDTVNMYSKPVGLPDAPIKDPTAQWQDAGLVYCNGPRMDEYLGEMNAILSRYNAMSVGECPFTPDPARILGYVSEKEARLNMVFQFDSVDVGIGSAHRYMTTPFNYTLADVKSAICRTQGLIDGTDAWTTSFIENHDQPRSISRFGNDSPQWRSRSGKMLAMLFASLSGTLFVYQGQEIGMINIPKEWPIEEYKDVDTIGYYAEVVRKNPNDTKAHDQTKAALQHLARDHARTPMQWSSQTNAGFTSESATPWMRANTSAQEGINVADETNDHASVLNFWRQMLKLRKTHAEVLVHGIFKLIDDDNPSVFSFIKTSPDTQSKAIVICNFSDKESKLPLIDGLSMSSSNMLIDNVSETETKDQSMLQPWEGRLYISA,582,1.2300353241669812,-0.2070428878068924,3.168312305981452,-1.1531990505268883,-671.161847406649
node300_consensus,MMTVTVREKKWWKQAVIYQIYPASFCDSNGDGIGDLPGIISKLDYIASLGVDVIWICPMYDSPQVDMGYDISNYEDVYAPYGTVQDMETLIRETHARGMRIMLDLVINHTSDQHAWFKESRSSKDNPKRDWYIWRPAKYSPDGERLPPNNWRSNFGGSVWEWDEHTGEYYLHLFAPEQPDLNWENPETRKAIYASAMEFWLDRGVDGFRVDTVNMYSKGQDMPDAPITDPKAEYQPAGLLYCNGPRMHEFLGEMNEILERYGAITVGELPHTPDMERVLRYVSAKEKQLNMVFQFDVVDVGFGKTHKYETTPKNYTLPQFKAAIGRTQSLIRGTDAWTTVFLENHDQARSVSRFTSDSPEHRVAGAKMLALMQSCLSGTQYVYQGQEIGMVNAPKEYPLENYKDIDSYNFYKMVKERSGADEQELDKAFNALQHLARDHARVPMSWSGKKHGGFSEDPVKEPWMKPHPLAGEINVASQLDDPNSVLAFWKKMLRFRKEHADLLVYGDYKDLRPEDPDVFVFVKESQGSKALVVLNFTTEEKTWEVPSALGPVKLVPIMSTHDGEQEGVLAPFEGRVYLVTA,581,1.2024328560678905,-0.18434688448905945,3.1192071925725977,-1.1375788645865792,-660.9333203248025
node327_consensus,MTVSRRSKQWWKQAIIYQIYPASFCDSNGDGMGDLQGIISKLDYIASLGVDVIWVCPMYDSPQVDMGYDISNYEDVYAPYGTLQDMEELIRKTHEKGMKIMLDLVINHTSDKHAWFEESRLSKDSPKRDWYIWRPAKYSPDGQRLPPNNWRSNFGGGSVWEWDETTGEYYLHLFAKEQPDLNWENPETRRAIYASSMEFWLDRGVDGFRVDTVNMYSKLQDFPDAPITDPKAKYQPAGLLYCNGPRMHEFLGEMNEILERYGAITVGELPHTPDLEKVLRYVSAKEKQLNMVFQFDVVDIGFGKTHKYETTPKNYTLPQLKDAVGRTQSLIQGTDAWTTVFMENHDQARSVSRFTNDSPQYRVAGAKLLALLQSCLSGTQYVYQGQEIGSVNAPKESYPLENYVDIESYQFLDIVKERSGAEDEQEIDKAFNALQHLARDHARIPICWSDTKHGGFSEAAEKAGQPVKEPWMQAHPLSREINVASQLDDPNSVLSFWKKALHFRKEFSDLTVYGDYKLLRREDPDVYAFVKESQVDGSKVAVVLNFTTEEKTWSALTGEELGVTSGKDVKLVPIMSTHSGKEQTVLSPFEGRVYLVT,597,1.2342318240232015,-0.21044877171516418,3.4483920722600168,-1.2379080563891578,-739.0311096643272
node514_consensus,MGFTSAQSGSEVRQTGQHPWWKEATVYQIYPASFNDSNDDGIGDIPGITQKLDYIQSLGVDVIWVCPMYDSPQVDMGYDISDYEAVYPPYGTVQDMEVLIHEVHSRGMKIILDLVVNHTSDQHAWFKESRSSKTNPKRDWYIWKPAEYDNDGSRKPPNNWRSIFGGSVWEWDELTQEYYLHLFCPEQPDINWENEEARKTIYQSAMISWLDKGVDGFRIDTVNMYSKPVGLPDAPIKDPTAQWQDAGLVYCNGPRMDEYLGEMNAILSRYNAMSVGECPFTPDPARILGYVSEKEARLNMVFQFDSVDVGIGSAHRYMTTPFNYTLADVKSAICRTQGLIDGTDAWTTSFIENHDQPRSISRFGNDSPQWRSRSGKMLAVLFASLSGTLFVYQGQEIGMINIPKEWPIEEYKDVDTIGYYAEVVRKNPNDTKAHDQTKAALQHLARDHARTPMQWSSQTNAGFTSESATPWMRANTSAQEGINVADETNDHASVLNFWRHMLQLRKTHAEVLVHGIFKLIDDDNPSVFSFIKTSPDTQSKAIVICNFSNEESKLPTIDGLGSSNMLIDNVSETEPKDQSMLQPWEGRLYISA,592,1.2214903994822435,-0.20007175207138062,3.2290272250820613,-1.1721809231689189,-693.931106516
node328_consensus,MTVSRRSKQWWKQAIIYQIYPASFCDSNGDGMGDLQGIISKLDYIASLGVDVIWVCPMYDSPQVDMGYDISNYEDVYAPYGTLQDMEELIRKTHEKGMKIMLDLVINHTSDKHAWFEESRLSKDSPKRDWYIWRPAKYSPDGQRLPPNNWRSNFGGGSVWEWDETTGEYYLHLFAKEQPDLNWENPETRRAIYASSMEFWLDRGVDGFRVDTVNMYSKLQDFPDAPITDPKAKYQPAGLLYCNGPRMHEFLGEMNEILERYGAITVGELPHTPDLEKVLRYVSAKEKQLNMVFQFDVVDIGFGKTHKYETTPKNYTLPQLKDAVGRTQSLIQGTDAWTTVFMENHDQARSVSRFTNDSPQYRVAGAKLLALLQSCLSGTQYVYQGQEIGSVNAPKESYPLENYVDIESYQFLDIVKERSGNDEQEIDKAFNALQHLARDHARIPICWSDTKHGGFSEAAEKAGQPVKEPWMQAHPLSREINVASQLDDPNSVLSFWKKALHFRKEFSDLTVYGDYKLLRREDPDVYAFVKESQVDGSKVAVVLNFTTEEKTLSALTGEELGVTSGKDVKLVPIMSTHSGKEQTVLSPFEGRVYLVT,596,1.2325091013509135,-0.20905201137065887,3.409381974218084,-1.2265310356373778,-731.0124972398771
node393_consensus,MTVTQRPWWKDGVVYQIYPASFKDSNGDGIGDLNGIISELDYIRSIGVDVIWICPMYDSPQVDMGYDIRDYEDVYRPYGTVQDMERLIAETHSRGMRIILDLVVNHTSDQHKWFQESRSSKDNPKRDWYIWRPARYVDGERKPPNNWVSNFTGSVWEWDEHTQEYYLHLFCPEQPDLNWENPETRQAIYKSAMEFWLERGVDGFRVDTVNMYSKGEMLDAPITDPGSEWQFAGYQYCNGPRMAEFLGEMNQILEKYDAMTVGECPHTPDMKRVLQYVSAKEKQLNMVFQFDVVDVGQGPYKFQTTPKNWTLPQFKRAIARTQDLIRPSDGWTTVFLENHDQSRSITRFTSDAPEHRVAGGKMLALMMCALSGTLFIYQGQEIGMTNFPESWDMSEYKDVDSSNYYKMVAARTNNDPDALAAAHKSLQHLARDHARVPMSWSTAPYNGFSPAKPWMRPLEDAAVCNAKQQQSDKTSVLAFWKRMLQVRKEHNDLLVHGQYDDLDVENEDFFVFSKTWQGKKAVCVCNFTDEEKQLVLPESVAGQKMELLVSSVDDVEEGELAAYEGRIYLLA,571,1.2291847882894216,-0.206351175904274,3.2704993810293357,-1.1849426891603863,-676.6022755105805
node325_consensus,MTVSRRSKQWWKQAIIYQIYPASFCDSNGDGMGDLQGIISKLDYIASLGVDVIWVCPMYDSPQVDMGYDISNYEDVYAPYGTLQDMEELIRKTHEKGMKIMLDLVINHTSDKHAWFEESRLSKDSPKRDWYIWRPAKYSPDGQRLPPNNWRSNFGGGSVWEWDETTGEYYLHLFAKEQPDLNWENPETRRAIYASSMEFWLDRGVDGFRVDTVNMYSKLQDFPDAPITDPKAKYQPAGLLYCNGPRMHEFLGEMNEILERYGAITVGELPHTPDLERVLRYVSAKEKQLNMVFQFDVVDVGFGKTHKYETTPKNYTLPQLKDAVGRTQSLIQGTDAWTTVFMENHDQARSVSRFTNDSPQYRVAGAKLLALLQSCLSGTQYVYQGQEIGSVNAPKESYPLENYVDIESYQFLDIVKERSGAEDEQEIDKAFNALQHLARDHARIPICWSGDAKHGGFSEAAEKAGQPVKEPWMQAHPLSREINVASQLDDPHSVLSFWKKALRFRKEFSDLTVYGDYKLLRREDPDVYAFVKESQVDGSKVAVVLNFTTEEKTWSAPTGEELGVESGKDVKLVPIMSTHSGKEQTGVLSPFEGRVYLVTW,600,1.2409921304186968,-0.2159111648797989,3.45994404421133,-1.2412524167456043,-744.7514500473626
node301_consensus,MMTVSGREKQWWKQAVIYQIYPASFCDSNGDGIGDLPGIISKLDYIASLGVDVIWVCPMYDSPQVDMGYDISNYEDVYAPYGTLQDMETLIRETHARGMKIMLDLVINHTSDQHAWFKESRLSKDSPKRDWYIWRPAKYSPTGERLPPNNWRSNFGGSAWEWDEATGEYYLHLFAKEQPDLNWENPETRRAIYASAMEFWLDRGVDGFRVDTVNMYSKPQDFPDAPITDPKAPYQPAGLLYCNGPRMHEFLSEMNEILERYGAITVGELPHTPDLERVLRYVSAKEKQLDMVFQFDVVDVGFGKTHKYETTPKNYTLPDLKDAVGRTQSLIRGTDAWTTVFMENHDQARSVSRFTDDSPEYRVAGAKLLALLQSCLSGTQYVYQGQEIGSVNAPKEYPLENYLDIDSYLFLDMVKERSGANEQELDKAFNALQHLARDHARIPMCWSGKKHGGFSEKPVKEPWMKAHPLAGEINVASQLDDPDSVLAFWRKALRFRKEHADLLVYGDYKLLRPEDPDVFAFVKESQVSKALVVLNFTTEEKTWSVPSALGPVKLVPIMSTHSGEQTGVLSPFEGRVYLVTA,581,1.221216240969612,-0.1998472809791565,3.211755283235757,-1.166817604899275,-677.9210284464789
node392_consensus,MTVTQRPWWKDGVVYQIYPASFKDSNGDGIGDLNGIISELDYIRSIGVDVIWICPMYDSPQVDMGYDIRDYEDVYRPYGTVQDMERLIAETHARGMRIILDLVVNHTSDQHKWFQESRSSKDNPKRDWYIWRPARYVDGERKPPNNWVSNFTGSVWEWDEHTQEYYLHLFCPEQPDLNWENPETRQAIYKSAMEFWLERGVDGFRVDTVNMYSKGEMLDAPITDPGSEWQFAGYQYCNGPRMAEFLGEMNQILEKYDAMTVGECPHTPDMKRVLQYVSAKEKQLNMVFQFDVVDVGQGPYKFQTTPKNWTLPQFKRAIARTQDLIRPSDGWTTVFLENHDQSRSITRFTSDAPEHRVAGGKMLALMMCALSGTLFIYQGQEIGMTNFPESWDMSEYKDVDSSNYYKMVAARTNNDPDALAAAHKSLQHLARDHARVPMSWSTAPYNGFSPAKPWMRPLEDAAVCNAKQQQSDKTSVLAFWKRMLQVRKEHNDLLVHGQYDDLDVENEDFFVFSKTWQGKKAVCVCNFTDEEKQLVLPESVAGQKMELLVSSVDDVEEGELAAYEGRIYLL,570,1.2284263620209157,-0.20573396980762482,3.254984298747207,-1.1801874519153213,-672.7068475917331
node290_consensus,MMTMTVREKKWWKDAVIYQIYPASFKDSNGDGIGDIPGIISKLDYIASLGVDVIWVCPMYDSPQVDMGYDISDYEDVYPPYGTVQDMETLIRETHARGMRIILDLVINHTSDQHAWFKESRSSKDNPKRDWYIWRPAKYDADGNRKPPNNWRSNFGGSAWEWDETTQEYYLHLFAPEQPDLNWENPETRQAIYASAMEFWLDRGVDGFRVDTVNMYSKPPDFPDAPITDPKAEWQPAGLLYCNGPRMHEFLSEMNREILSKYDAMTVGELPHTPDMERVLRYVSAKEKQLNMVFQFDVVDVGFGKTHKFETTPKNWTLPDLKAAIARTQSLIRGTDAWTTVFLENHDQARSVSRFGSDSPELRVASAKMLALLQACLSGTLFIYQGQEIGMVNAPKEWPIEEYKDVDSTNYYKMVKERSGNDPAALDKAKAALQHLARDHARVPMQWSGTKNGGFSDESAKPWMRVHDLAPEINVASQLDDPSSVLSFWKKMLRLRKEHADLLVYGDFELLDEENEDVFVFVKESQGGGQKALVVLNFTDEEQKLELPAGLGGVKLKLLVSNVDGKEDEGVLQPFEGRVYLVAAPN,586,1.1756494223712175,-0.1618206948041916,2.8087144762956084,-1.0327268969236194,-605.1779615972409
node395_consensus,MTVTQRPWWKDGVVYQIYPASFKDSNGDGIGDLNGIISELDYIRSIGVDVIWICPMYDSPQVDMGYDIRDYEDVYRPYGTVQDMERLIAETHSRGMRIILDLVVNHTSDQHKWFQESRSSKDNPKRDWYIWRPARYVDGERKPPNNWVSNFTGSVWEWDEHTQEYYLHLFCPEQPDLNWENPETRQAIYKSAMEFWLERGVDGFRVDTVNMYSKGEMLDAPITDPGSEWQFAGYQYCNGPRMAEFLGEMNQILEKYDAMTVGECPHTPDMKRVLQYVSAKEKQLNMVFQFDVVDVGQGPYKFQTTPKNWTLPQFKRAIARTQDLIRPSDGWTTVFLENHDQSRSITRFTSDAPEHRVAGGKMLALMMCALSGTLFIYQGQEIGMTNFPESWDMSEYKDVDSSNYYKMVAARTNNDPDALAAAHKSLQHLARDHARVPMSWSTAPYNGFSPPDAKPWMRPLEDADVCNAKQQQSDKTSVLAFWKRMLQVRKEHNDLLVHGQYDDLDVENEDFFVFSKTWQGKKAVCVCNFTDKEKQLVLPESVAGQKMELLVSSVDDVEEKELAAYEGRIYLLA,573,1.2260879876788766,-0.2038286030292511,3.2633219399462003,-1.1827456765340574,-677.7132726540149
node400_consensus,MTVTQRPWWKDGVVYQIYPASFKDSNGDGIGDLNGIISELDYIRSIGVDVIWICPMYDSPQVDMGYDIRDYEDVYRPYGTVQDMERLIAETHSRGMKIILDLVVNHTSDQHKWFQESRSSKDNPKRDWYIWRPARYVDGERKPPNNWVSNFTGSVWEWDEHTQEYYLHLFCPEQPDLNWENPETRQAIYKSAMEFWLKRGVDGFRVDTVNMYSKGEMLDAPITDPGSEWQFAGYQYCNGPRMAEFLGEMNQILEKYDAMTVGECPNTPDMKRVLEYVSAKEKQLNMVFQFDVVDVGQGPYKFQTTPKNWTLPQFKRAIARTQDLIRPPSDGWTTVFLENHDQSRSITRFTSDAPEHRVAGGKMLALMMAALSGTLFIYQGQEIGMTNFPESWDMSEYKDVDSSNYYKMVAARTNNDPDALEAAHKSLQHLARDHARVPMSWSTAPHNGFSPPDAKAKPWMRPLEDADVCNAKQQQSDKNSVLAFWKRMLQVRKEHNDLLVHGQYDDLDVENEDFFVFSKTWQGKKALCICNFTDESKDLVFPESVRGQKMELLVSSVDDVEEKELAAYEGRIYLLA,576,1.2349294078942537,-0.2110138088464737,3.301676266852149,-1.1944302991567686,-687.9918523142987
node516_consensus,MGFTSAQSGSEVRQTGQHPWWKEATVYQIYPASFNDSNDDGIGDIPGITQKLDYIQSLGVDVIWVCPMYDSPQVDMGYDISDYEAVYPPYGTVQDMEVLIHEVHSRGMKIILDLVVNHTSDQHAWFKESRSSKTNPKRDWYIWKPAEYDNDGSRKPPNNWRSIFGGSVWEWDELTQEYYLHLFCPEQPDINWENEEARKTIYQSAMISWLDKGVDGFRIDTVNMYSKPVGLPDAPIKDPTAQWQDAGLVYCNGPRMDEYLGEMNAILSRYNAMSVGECPFTPDPARILGYVSEKEARLNMVFQFDSVDVGIGSAHRYMTTPFNYTLADVKSAICRTQGLIDGTDAWTTSFIENHDQPRSISRFGNDSPQWRSRSGKMLAVLFASLSGTLFVYQGQEIGMINIPKEWPIEEYKDVDTIGYYAEVVRKNPNDTKAHDQTKAALQHLARDHARTPMQWSSQTNAGFTSESATPWMRANTSTQEGINVADETNDHASVLNFWRHMLQLRKTHAEVLVHGIFKLIDDDNPSVFSFIKTSPDTQSKAIVICNFSNEESKLPMIDGLGSSNMLIDNVSETEPKDQSMLQPWEGRLYISA,592,1.2213173506876032,-0.1999300718307495,3.2470656826820985,-1.177751721644814,-697.2290192137298
node413_consensus,MTVPQRPWWKDGVVYQIYPASFKDSNGDGIGDLNGIISELDYIRSIGVDVIWICPMYDSPQVDMGYDIRDYEDVYRPYGTVQDMERLIAETHSRGMKIILDLVVNHTSDQHKWFQESRSSKDNPKRDWYIWRPARYVDGQRKAPNNWVSNFTGSVWEWDEHTQEYYLHLFCPEQPDLNWENPETRQAIYKSAMEFWLQRGVDGFRVDTVNMYSKGEMLDAPVTDPGSEWQFAGYQYCNGPRMAEFLNEMNQILEKYDAMTVGECPHTRDMKRVLEYVSAKEKQLNMVFQFDVVDVGQGPYKFQTTPKNWTLPDFKRAMARTQDLIRSPSDGWTTVFLENHDQSRSISRFTSDAPEHRVAGGKMLALMMAALSGTLFIYQGQEIGMTNFPLTWDMSEYKDVDSSNYYKMVAARTNNDPKALEDAHVSLQHLARDHARVPMSWSTAPHNGFSPPDATAKPWMRPLEDADVCNATQQQSDKNSVLAFWKRMLQVRKQHNDLLVHGQYDDLDLESKDFFVFSKTWNEKKAVCICNFTDKKKDLVFPESVMGKKMDLLVSSVDDGCEEKKLAAFEGRIYLLA,577,1.2373697893374953,-0.2129879891872406,3.3954572448784175,-1.2224384337911864,-705.3469762975146
node390_consensus,MTVTQRPWWKDGVVYQIYPASFKDSNGDGIGDLNGIISELDYIRSIGVDVIWICPMYDSPQVDMGYDIRDYEDVYRPYGTVQDMERLIAETHARGMRIILDLVVNHTSDQHKWFQESRSSKDNPKRDWYIWRPARYVDGERKPPNNWVSNFTGSVWQWDEHTQEYYLHLFCPEQPDLNWENPETRQAIYKSAMEFWLERGVDGFRVDTVNMYSKGEMLDAPITDPGSEWQFAGYQYCNGPRMAEFLGEMNQILEKYDAMTVGECPHTPDMKRVLQYVSAKEKQLNMVFQFDVVDVGQGPYKFQTTPKNWTLPQFKRAIARTQDLIRPSDGWTTVFLENHDQSRSITRFTSDAPEHRVAGGKMLALMMCALSGTLFIYQGQEIGMTNFPESWDMSEYKDVDSSNYYKMVAARTNNDPEALAAAHASLQHLARDHARVPMSWSTAPNNGFSPAKPWMRPLEDAAVCNAKQQQSDKTSVLAFWKRMLQVRKEYNDLLVHGQYDDLDVENEDFFVFSKTWQGKKAVCVCNFTDEEKQLVLPESVAGQKMELLVSSVDDVEEKELAAYEGRIYLL,570,1.2291718753793783,-0.20634067058563232,3.257476298923982,-1.1809527541420386,-673.143069860962
node389_consensus,MTVTQRPWWKDGVVYQIYPASFKDSNGDGIGDLNGIISELDYIRSIGVDVIWICPMYDSPQVDMGYDIRDYEDVYPPYGTVQDMERLIAETHARGMRIILDLVVNHTSDQHKWFQESRSSKDNPKRDWYIWRPARYVDGERKPPNNWVSNFTGSVWQWDEHTQEYYLHLFCPEQPDLNWENPETRQAIYKSAMEFWLERGVDGFRVDTVNMYSKGEMLDAPITDPGSEWQFAGYQYCNGPRMAEFLGEMNQILEKYDAMTVGECPHTPDMKRVLQYVSAKEKQLNMVFQFDVVDVGQGPYKFQTTPKNWTLPQFKRAIARTQDLIRPSDGWTTVFLENHDQSRSITRFTSDAPEHRVAGGKMLALMMCALSGTLFIYQGQEIGMTNFPLSWDMSEYKDVDSSNYYKMVAARTNNDPEALAAAHASLQHLARDHARVPMSWSTAPNNGFSPAKPWMRPLEDAAVCNAKQQQSDKTSVLAFWKRMLQVRKEYNDLLVHGQYDDLDVENEDFFVFSKTWQGKKAVCVCNFTDKEKQLVLPESVAGQKMELLVSSVDDVEEKELAAYEGRIYLLA,571,1.2325624735700855,-0.2090953141450882,3.302729121686449,-1.194749133262575,-682.2017550929304
node305_consensus,MTVSRRSKQWWKQAVIYQIYPASFCDSNGDGMGDLQGIISKLDYIASLGVDVIWICPMYDSPQVDMGYDISNYEDVYAPYGTLQDMEELIRETHAKGMKIMLDLVINHTSDQHAWFKESRLSKDSPKRDWYIWRPAKYSPTGQRLPPNNWRSNFGGGSVWEWDETTGEYYLHLFAKEQPDLNWENPETRRAIYASSMEFWLDRGVDGFRVDTVNMYSKPQDFPDAPITDPKAPYQPAGLLYCNGPRMHEFLGEMNEILERYGAITVGELPHTPDLERVLRYVSAKEKQLNMVFQFDVVDVGFGKTHKYETTPKNYTLPQLKDAVGRTQSLIQGTDAWTTVFMENHDQARSVSRFTDDSPEYRVAGAKLLALLQSCLSGTQYVYQGQEIGSVNAPKESYPLENYVDIESYLFLDMVKERSGADNEQEIDKAFNALQHLARDHARIPICWSGDAKHGGFSEAAEKAGKPVKEPWMKAHPLAGEINVASQLDDPDSVLAFWKKALRFRKEFADLLVYGDYKDLRPEDPDVYAFVKESQVDGSKVAVVLNFTTEEKTWSAPTGEELGVPEGKDVKLVPIMSTHSGKEQTGVLSPFEGRVYLVTW,600,1.235887855227939,-0.21178962290287018,3.3294746928042023,-1.202814541639879,-721.6887249839274
node304_consensus,MTVSRRSKQWWKQAVIYQIYPASFCDSNGDGMGDLQGIISKLDYIASLGVDVIWVCPMYDSPQVDMGYDISNYEDVYAPYGTLQDMEELIRETHAKGMKIMLDLVINHTSDQHAWFKESRLSKDSPKRDWYIWRPAKYSPTGQRLPPNNWRSNFGGGSVWEWDETTGEYYLHLFAKEQPDLNWENPETRRAIYASSMEFWLDRGVDGFRVDTVNMYSKPQDFPDAPITDPKAPYQPAGLLYCNGPRMHEFLGEMNEILERYGAITVGELPHTPDLERVLRYVSAKEKQLNMVFQFDVVDVGFGKTHKYETTPKNYTLPQLKDAVGRTQSLIQGTDAWTTVFMENHDQARSVSRFTDDSPEYRVAGAKLLALLQSCLSGTQYVYQGQEIGSVNAPKESYPLENYLDIESYLFLDMVKERSGADNEQEIDKAFNALQHLARDHARIPICWSGDAKYGGFSEAAEKAGKPVKEPWMKAHPLAGEINVASQLDDPDSVLAFWKKALRFRKEFADLLVYGDYKDLRPEDPDVYAFVKESQVDGSKVAVVLNFTTEEKTWSAPTGEELGVPEGKDVKLVPIMSTHSGKEQTGVLSPFEGRVYLVTW,600,1.2352815781149942,-0.21129894256591797,3.328842418151158,-1.2026246213809282,-721.5747728285569
node391_consensus,MTVTQRPWWKDGVVYQIYPASFKDSNGDGIGDLNGIISELDYIRSIGVDVIWICPMYDSPQVDMGYDIRDYEDVYRPYGTVQDMERLIAETHARGMRIILDLVVNHTSDQHKWFQESRSSKDNPKRDWYIWRPARYVDGERKPPNNWVSNFTGSVWQWDEHTQEYYLHLFCPEQPDLNWENPETRQAIYKSAMEFWLERGVDGFRVDTVNMYSKGEMLDAPITDPGSEWQFAGYQYCNGPRMAEFLGEMNQILEKYDAMTVGECPHTPDMKRVLQYVSAKEKQLNMVFQFDVVDVGQGPYKFQTTPKNWTLPQFKRAIARTQDLIRPSDGWTTVFLENHDQSRSITRFTSDAPEHRVAGGKMLALMMCALSGTLFIYQGQEIGMTNFPESWDMSEYKDVDSSNYYKMVAARTNNDPEALAAAHKSLQHLARDHARVPMSWSTAPYNGFSPAKPWMRPLEDAAVCNAKQQQSDKTSVLAFWKRMLQVRKEHNDLLVHGQYDDLDVENEDFFVFSKTWQGKKAVCVCNFTDEEKQLVLPESVAGQKMELLVSSVDDVEEKELAAYEGRIYLL,570,1.2283151093952338,-0.2056434005498886,3.266067872233145,-1.1835867757876832,-674.6444621989795
node386_consensus,GRLMTVTQRPWWKDGVVYQIYPASFKDSNGDGIGDLNGIISELDYIRSIGVDVIWICPMYDSPQVDMGYDIRDYEDVYPPYGTVQDMERLIAETHARGMRIILDLVVNHTSDQHKWFQESRSSKDNPKRDWYIWRPARYDVDGERKPPNNWVSNFTGSVWQWDEHTQEYYLHLFCPEQPDLNWENPETRQAIYKSAMEFWLERGVDGFRVDTVNMYSKGDMLDAPITDPGSEWQFAGYQYCNGPRMAEFLGEMNQILEKYDAMTVGECPNTPDMKRVLKYVSAKEKQLNMVFQFDVVDVGQGPGYKFQTTPKNWTLPQFKRAIARTQDLIRPSDGWTTVFLENHDQSRSITRFTSDAPEHRVAGGKMLALMMCALSGTLFIYQGQELGMTNFPLSWDMSEYKDVDSSNYYKMVAARTNNDPDALAAAKASLQHLARDHARVPMSWSTAPNNGFSPKAKPWMRPLEDAAVCNAKQQQSDKTSVLAFWKRMLQLRKEYNDLLVHGQYDDLDVENEDLFVFSKTWQGKKALVVCNFTDEEQQLVLPESVAGQKMELLVSSVDDVEEKKLAAYEGRVYLLA,577,1.2320019235058481,-0.2086404263973236,3.3801911807109044,-1.2179322702358428,-702.7469199260813
node398_consensus,MTVTQRPWWKDGVVYQIYPASFKDSNGDGIGDLNGIISELDYIRSIGVDVIWICPMYDSPQVDMGYDIRDYEDVYRPYGTVQDMERLIAETHSRGMKIILDLVVNHTSDQHKWFQESRSSKDNPKRDWYIWRPARYVDGERKPPNNWVSNFTGSVWEWDEHTQEYYLHLFCPEQPDLNWENPETRQAIYKSAMEFWLERGVDGFRVDTVNMYSKGEMLDAPITDPGSEWQFAGYQYCNGPRMAEFLGEMNQILEKYDAMTVGECPNTPDMKRVLQYVSAKEKQLNMVFQFDVVDVGQGPYKFQTTPKNWTLPQFKRAIARTQDLIRPPSDGWTTVFLENHDQSRSITRFTSDAPEHRVAGGKMLALMMCALSGTLFIYQGQEIGMTNFPESWDMSEYKDVDSSNYYKMVAARTNNDPDALEAAHKSLQHLARDHARVPMSWSTAPYNGFSPPDAKAKPWMRPLEDADVCNAKQQQSDKNSVLAFWKRMLQVRKEHNDLLVHGQYDDLDVENEDFFVFSKTWQGKKALCICNFTDESKQLVFPESVRGQKMELLVSSVDDVEEKELAAYEGRIYLLA,576,1.2335379795660513,-0.20988644659519196,3.325257648423132,-1.201547159353317,-692.0911637875106
node511_consensus,SAQSGSEVRQTGQHPWWKEATVYQIYPASFNDSNDDGIGDIPGITQKLDYIQSLGVDVIWVCPMYDSPQVDMGYDISDYEAVYPPYGTVQDMEVLIHEVHSRGMKIILDLVVNHTSDQHAWFKESRSSKTNPKRDWYIWKPAEYDNDGSRKPPNNWRSIFGGSVWEWDELTQEYYLHLFCPEQPDINWENEEARKTIYQSAMISWLDKGVDGFRIDTVNMYSKPVGLPDAPIKDPTAQWQDAGLVYCNGPRMDEYLGEMNAILSRYNAMSVGECPFTPDPARILGYVSEKEARLNMVFQFDSVDVGIGSAHRYMTTPFNYTLADVKSAICRTQGLIDGTDAWTTSFIENHDQPRSISRFGNDSPQWRSRSGKMLAMLFASLSGTLFVYQGQEIGMINIPKEWPIEEYKDVDTIGYYAEVVRKNPNDTKAHDQTKAALQHLARDHARTPMQWSSQTNAGFTSESATPWMRANTSAQEGINVADETNDHASVLNFWRQMLKLRKTHAEVLVHGIFKLIDDDNPSVFSFIKTSPDTQSKAIVICNFSDKESKLPLIDGLSMSSSNMLIDNVSETETKDQSMLQPWEGRLYISAK,591,1.2329808808943814,-0.20943471789360046,3.2605845948502212,-1.1819065028757536,-698.5067431995703
node513_consensus,MGFTSAQSGSEVRQTGQHPWWKEATVYQIYPASFNDSNDDGIGDIPGITQKLDYIQSLGVDVIWVCPMYDSPQVDMGYDISDYEAVYPPYGTVQDMEVLIHEVHSRGMKIILDLVVNHTSDQHAWFKESRSSKTNPKRDWYIWKPAEYDNDGSRKPPNNWRSIFGGSVWEWDELTQEYYLHLFCPEQPDINWENEEARKTIYQSAMISWLDKGVDGFRIDTVNMYSKPVGLPDAPIKDPTAQWQDAGLVYCNGPRMDEYLGEMNAILSRYNAMSVGECPFTPDPARILGYVSEKEARLNMVFQFDSVDVGIGSAHRYMTTPFNYTLADVKSAICRTQGLIDGTDAWTTSFIENHDQPRSISRFGNDSPQWRSRSGKMLAVLFASLSGTLFVYQGQEIGMINIPKEWPIEEYKDVDTIGYYAEVVRKNPNDTKAHDQTKAALQHLARDHARTPMQWSSQTNAGFTSESATPWMRANTSAQEGINVADETNDHASVLNFWRHMLQLRKTHAEVLVHGIFKLIDDDNPSVFSFIKTSPDTQSKAIVICNFSDKESKLPTIDGLSSSNMLIDNVSETEPKDQSMLQPWEGRLYISA,592,1.2211300604608883,-0.19977670907974243,3.2120652053165206,-1.1669140964128708,-690.8131450764195
node335_consensus,MTVSRRSKQWWKQAIIYQIYPASFCDSNGDGMGDLQGIISKLDYIASLGVDVIWVCPMYDSPQVDMGYDISNYEDVYAPYGTLQDMEELIRKTHEKGMKIMLDLVINHTSDKHAWFEESRLSKDSPKRDWYIWRPAKYSPEGQRLPPNNWRSNFGGGSVWEWDETTGEYYLHLFAKEQPDLNWENPETRRAIYASSMEFWLDRGVDGFRVDTVNMYSKLQDFPDAPITDPKAKYQPAGLLYCNGPRMHEFLGEMNEILERYGAITVGELPHTPDLEKVLRYVSAKEKQLNMVFQFDVVDIGFGKTHKYETTPKNYTLPQLKDAVGRTQSLIQGTDAWTTVFMENHDQARSVSRFTNDSPQYRVAGAKLLALLQSCLSGTQYVYQGQEIGSVNAPKESYPLENYVDIESYQFLDLVKERSGEDEQEIDKAFNALQHLARDHARIPICWSDTKHGGFSEAAEKAGQPVKEPWMQAHPLSREINVASQLKDPNSVLSFWKKALHFRKEFSDLTVYGDYKLLRREDPEVYAFVKESQVDGSKVAVVLNFTAEEKTFSALSGEELGVSNAKEVKLVPVMSTHAGKEQTGVLSPFEGRVYLVT,597,1.2369948859592188,-0.21268495917320251,3.401997295103864,-1.224362698883367,-730.9445312333701
node336_consensus,MTVSRRSKQWWKQAIIYQIYPASFCDSNGDGMGDLQGIISKLDYIASLGVDVIWVCPMYDSPQVDMGYDISNYEDVYAPYGTLQDMEELIRKTHEKGMKIMLDLVINHTSDKHAWFEESRLSKDSPKRDWYIWRPAKYSPEGQRLPPNNWRSNFGGGSVWEWDETTGEYYLHLFAKEQPDLNWENPETRRAIYASSMEFWLDRGVDGFRVDTVNMYSKLQDFPDAPITDPKAKYQPAGLLYCNGPRMHEFLGEMNEILERYGAITVGELPHTPDLEKVLRYVSAKEKQLNMVFQFDVVDIGFGKTHKYETTPKNYTLPQLKDAVGRTQSLIQGTDAWTTVFMENHDQARSVSRFTNDSPQYRVAGAKLLALLQSCLSGTQYVYQGQEIGSVNAPKESYPLENYVDIESYQFLDLVKERSGEDEQEIDKAFNALQHLARDHARIPICWSDTKHGGFSEAAEKAGQPVKEPWMQAHPLSREINVASQLKDPNSVLSFWKKALHFRKEFSDLTVYGDYKLLRREDPEVYAFVKESQVDGSKVAVVLNFTAEEKTFSALSGEELGVSNAKEVKLVPVMSTHAGKEQTGVLSPFEGRVYLVT,597,1.2369948859592188,-0.21268495917320251,3.401997295103864,-1.224362698883367,-730.9445312333701
node407_consensus,MTVTPRPWWKDAVVYQIYPASFKDSNGDGIGDLNGIISELDYIRSIGVDVIWICPMYDSPQVDMGYDIRNYEDVYRPYGTVQDMERLIDETHSRGMKIILDLVVNHTSDQHKWFQESRSSKDNPKRDWYIWRPARYVDGVRKPPNNWVSNFTGSVWEWDEHTQEYYLHLFCPEQPDLNWENPETRKAIYESAMEFWLKRGVDGFRVDTVNMYSKGDMRDAPITDPGSEWQFAGYQYCNGPRMDEFLGEMNQILEKYDAMTVGECPHTLDMNRVHQYVSAKEKRLSMVFQFDVVDVGQGPYKFQTTPKNWTLPQFKRAIARTQDLIRPPSDGWTTVFLENHDQARSITRFTSDAPEHRVAGGKMLALMMSALSGTLFIYQGQEIGMTNFPESWDMSEYKDVESSNYYKMVAKRTNNDVDALAAAHKSLQHLARDHARVPMSWSTAPYNGFSPPDAKDKPWMRPLEDADVCNAKQQQNDKTSVLGFWKRMLQLRKEHKDLLVHGQYDDLDVDNEQFYVFSKTWQGKKALCICNFTDESKDLVLPESVAAQKMQLLVSSRQDGVEEKTLAPYEGRIYLLV,577,1.2288621344114226,-0.20608864724636078,3.3459484658134535,-1.207750200716632,-696.8718658134967
node401_consensus,MTVTQRPWWKDGVVYQIYPASFKDSNGDGIGDLNGIISELDYIRSIGVDVIWICPMYDSPQVDMGYDIRNYEDVYRPYGTVQDMERLIAETHSRGMKIILDLVVNHTSDQHKWFQESRSSKDNPKRDWYIWRPARYVDGERKPPNNWVSNFTGSVWEWDEHTQEYYLHLFCPEQPDLNWENPETRKAIYKSAMEFWLKRGVDGFRVDTVNMYSKGEMLDAPITDPGSEWQFAGYQYCNGPRMAEFLGEMNQILEKYDAMTVGECPNTPDMKRVLEYVSAKEKQLNMVFQFDVVDVGQGPYKFQTTPKNWTLPQFKRAIARTQDLIRPPSDGWTTVFLENHDQSRSITRFTSDAPEHRVAGGKMLALMMCALSGTLFIYQGQEIGMTNFPESWDMSEYKDVDSSNYYKMVAARTNNDPDALEAAHKSLQHLARDHARVPMSWSTAPHNGFSPPDAKAKPWMRPLEDADVCNAKQQQSDKTSVLGFWKRMLQVRKEHNDLLVHGQYDDLDVDNEDFFVFSKTWQGKKALCICNFTDESKDLVFPESVAGQKMELLVSSVDDVEEKELAPYEGRIYLLA,576,1.2397417433380773,-0.2149030864238739,3.343301945410316,-1.2069589250493966,-695.2083408284525
node333_consensus,MTVSRRSKQWWKQAIIYQIYPASFCDSNGDGMGDLQGIISKLDYIASLGVDVIWVCPMYDSPQVDMGYDISNYEDVYAPYGTLQDMEELIRKTHEKGMKIMLDLVINHTSDKHAWFEESRLSKDSPKRDWYIWRPAKYSPEGQRLPPNNWRSNFGGGSVWEWDETTGEYYLHLFAKEQPDLNWENPETRRAIYASSMEFWLDRGVDGFRVDTVNMYSKLQDFPDAPITDPKAKYQPAGLLYCNGPRMHEFLGEMNEILERYGAITVGELPHTPDLEKVLRYVSAKEKQLNMVFQFDVVDIGFGKTHKYETTPKNYTLPQLKDAVGRTQSLIQGTDAWTTVFMENHDQARSVSRFTNDSPQYRVAGAKLLALLQSCLSGTQYVYQGQEIGSVNAPKESYPLENYVDIESYQFLDLVKERSGEDEQEIDKAFNALQHLARDHARIPICWSDTKHGGFSEAAEKAGQPVKEPWMQAHPLSREINVASQLKDPNSVLSFWKKALHFRKEFSDLTVYGDYKLLRREDPEVYAFVKESQVDGSKVAVVLNFTTEEKTFSALTGEELGVSNAKEVKLVPIMSTHAGKEQTGVLSPFEGRVYLVT,597,1.2370451159780458,-0.21272556483745575,3.4288526091617695,-1.2322256889354297,-735.6387362944515
node303_consensus,MTVSGREKQWWKQAVIYQIYPASFCDSNGDGIGDLPGIISKLDYIASLGVDVIWVCPMYDSPQVDMGYDISNYEDVYAPYGTLQDMETLIRETHARGMKIMLDLVINHTSDQHAWFKESRLSKDSPKRDWYIWRPAKYSPTGERLPPNNWRSNFGGGSAWEWDETTGEYYLHLFAKEQPDLNWENPETRRAIYASSMEFWLDRGVDGFRVDTVNMYSKPQDFPDAPITDPKAPYQPAGLLYCNGPRMHEFLGEMNEILERYGAITVGELPHTPDLERVLRYVSAKEKQLNMVFQFDVVDVGFGKTHKYETTPKNYTLPDLKDAVGRTQSLIRGTDAWTTVFMENHDQARSVSRFTDDSPEYRVAGAKLLALLQSCLSGTQYVYQGQEIGSVNAPKESYPLENYLDIDSYLFLDMVKERSGADNEQELDKAFNALQHLARDHARIPMCWSGKAKHGGFSEAAEKAGKPVKEPWMKAHPLAGEINVASQLDDPDSVLAFWRKALRFRKEFADLLVYGDYKDLRPEDPDVYAFVKESQVGGSKAAVVLNFTTEEKTWSAPSAEELGVPEGKDVKLVPIMSTHSGKEQTGVLSPFEGRVYLVTA,600,1.2175095069057844,-0.1968073844909668,3.1744105801188063,-1.1551219710535952,-693.0731826321571
node416_consensus,MTVPQRPWWKDGVVYQIYPASFKDSNGDGIGDLNGIISELDYIRSIGVDVIWICPMYDSPQVDMGYDIRDYEDVYRPYGTVQDMERLIAETHSRGMKIILDLVVNHTSDQHKWFQESRSSKDNPKRDWYIWRPARYVDGQRKAPNNWVSNFTGSVWEWDEHTQEYYLHLFCPEQPDLNWENPETRQAIYKSAMEFWLQRGVDGFRVDTVNMYSKGEMLDAPVTDPGSEWQFAGYQYCNGPRMAEFLNEMNQILEKYDAMTVGECPHTRDMKRVLEYVSAKEKQLNMVFQFDVVDVGQGPYKFQTTPKNWTLPDFKRAMARTQDLIRSPSDGWTTVFLENHDQSRSISRFTSDAPEHRVAGGKMLALMMAALSGTLFIYQGQEIGMTNFPLTWDMSEYKDVDSSNYYKMVAARTNNDPKALEDAHVSLQHLARDHARVPMSWSTAPHNGFSPPDATAKPWMRPLEDADVCNATQQQSDKNSVLAFWKRMLQVRKQHNDLLVHGQYDDLDLESKDFFVFSKTWNEKKAVCICNFTDKKKDLVFPESVMGKKMDLLVSSVDDCEEKKLAAFEGRIYLLA,576,1.2388290776015798,-0.21416664123535156,3.39388855193343,-1.2219763294825094,-703.8583657819254
node415_consensus,MTVPQRPWWKDGVVYQIYPASFKDSNGDGIGDLNGIISELDYIRSIGVDVIWICPMYDSPQVDMGYDIRDYEDVYRPYGTVQDMERLIAETHSRGMKIILDLVVNHTSDQHKWFQESRSSKDNPKRDWYIWRPARYVDGQRKAPNNWVSNFTGSVWEWDEHTQEYYLHLFCPEQPDLNWENPETRQAIYKSAMEFWLQRGVDGFRVDTVNMYSKGEMLDAPVTDPGSEWQFAGYQYCNGPRMAEFLNEMNQILEKYDAMTVGECPHTRDMKRVLEYVSAKEKQLNMVFQFDVVDVGQGPYKFQTTPKNWTLPDFKRAMARTQDLIRSPSDGWTTVFLENHDQSRSISRFTSDAPEHRVAGGKMLALMMAALSGTLFIYQGQEIGMTNFPLTWDMSEYKDVDSSNYYKMVAARTNNDPKALEDAHVSLQHLARDHARVPMSWSTAPHNGFSPPDATAKPWMRPLEDADVCNATQQQSDKNSVLAFWKRMLQVRKQHNDLLVHGQYDDLDLESKDFFVFSKTWNEKKAVCICNFTDKKKDLVFPESVMGKKMDLLVSSVDDCEEKKLAAFEGRIYLLA,576,1.2388290776015798,-0.21416664123535156,3.39388855193343,-1.2219763294825094,-703.8583657819254
node394_consensus,MTVTQRPWWKDGVVYQIYPASFKDSNGDGIGDLNGIISELDYIRSIGVDVIWICPMYDSPQVDMGYDIRDYEDVYRPYGTVQDMERLIAETHSRGMRIILDLVVNHTSDQHKWFQESRSSKDNPKRDWYIWRPARYVDGERKPPNNWVSNFTGSVWEWDEHTQEYYLHLFCPEQPDLNWENPETRQAIYKSAMEFWLERGVDGFRVDTVNMYSKGEMLDAPITDPGSEWQFAGYQYCNGPRMAEFLGEMNQILEKYDAMTVGECPHTPDMKRVLQYVSAKEKQLNMVFQFDVVDVGQGPYKFQTTPKNWTLPQFKRAIARTQDLIRPSDGWTTVFLENHDQSRSITRFTSDAPEHRVAGGKMLALMMCALSGTLFIYQGQEIGMTNFPESWDMSEYKDVDSSNYYKMVAARTNNDPDALAAAHKSLQHLARDHARVPMSWSTAPYNGFSPDAKPWMRPLEDADVCNAKQQQSDKTSVLAFWKRMLQVRKEHNDLLVHGQYDDLDVENEDFFVFSKTWQGKKAVCVCNFTDEEKQLVLPESVAGQKMELLVSSVDDVEEGELAAYEGRIYLLA,572,1.2254547622217786,-0.2033120095729828,3.256612623810971,-1.180687582717971,-675.3532973146794
node337_consensus,MTVSRRSKQWWKQAIIYQIYPASFCDSNGDGMGDLQGIISKLDYIASLGVDVIWVCPMYDSPQVDMGYDISNYEDVYAPYGTLQDMEELIRKTHEKGMKIMLDLVINHTSDKHAWFEESRLSKDSPKRDWYIWRPAKYSPEGQRLPPNNWRSNFGGGSVWEWDETTGEYYLHLFAKEQPDLNWENPETRRAIYASSMEFWLDRGVDGFRVDTVNMYSKLQDFPDAPITDPKAKYQPAGLLYCNGPRMHEFLGEMNEILERYGAITVGELPHTPDLEKVLRYVSAKEKQLNMVFQFDVVDIGFGKTHKYETTPKNYTLPQLKDAVGRTQSLIQGTDAWTTVFMENHDQARSVSRFTNDSPQYRVAGAKLLALLQSCLSGTQYVYQGQEIGSVNAPKESYPLENYVDIESYQFLDLVKERSGEDEQEIDKAFNALQHLARDHARIPICWSDTKHGGFSEAAEKAGQPVKEPWMQAHPLSREINVASQLKDPNSVLSFWKKALHFRKEFSDLTVYGDYKLLRREDPEVYAFVKESQVDGSKVAVVLNFTAEEKTFSALSGEELGVSNAKLVPVMSTHAGKEQTGVLSPFEGRVYLVT,594,1.236053409214912,-0.21192356944084167,3.377985538531008,-1.2172795373021426,-723.0640451574727
node326_consensus,MTVSRRSKQWWKQAIIYQIYPASFCDSNGDGMGDLQGIISKLDYIASLGVDVIWVCPMYDSPQVDMGYDISNYEDVYAPYGTLQDMEELIRKTHEKGMKIMLDLVINHTSDKHAWFEESRLSKDSPKRDWYIWRPAKYSPDGQRLPPNNWRSNFGGGSVWEWDETTGEYYLHLFAKEQPDLNWENPETRRAIYASSMEFWLDRGVDGFRVDTVNMYSKLQDFPDAPITDPKAKYQPAGLLYCNGPRMHEFLGEMNEILERYGAITVGELPHTPDLERVLRYVSAKEKQLNMVFQFDVVDVGFGKTHKYETTPKNYTLPQLKDAVGRTQSLIQGTDAWTTVFMENHDQARSVSRFTNDSPQYRVAGAKLLALLQSCLSGTQYVYQGQEIGSVNAPKESYPLENYVDIESYQFLDIVKERSGAEDEQEIDKAFNALQHLARDHARIPICWSGDAKHGGFSEAAEKAGQPVKEPWMQAHPLSREINVASQLDDPHSVLSFWKKALRFRKEFSDLTVYGDYKLLRREDPDVYAFVKESQVDGSKVAVVLNFTTEEKTWSAPTGEELGVESGKDVKLVPIMSTHSGKEQTGVLSPFEGRVYLVTW,600,1.2409917790664948,-0.2159108817577362,3.45994404421133,-1.2412524167456043,-744.7514500473626
node388_consensus,MTVTLQRPWWKDGVVYQIYPASFKDSNGDGIGDLNGIISELDYIRSIGVDVIWICPMYDSPQVDMGYDIRDYEDVYPPYGTVQDMERLIAETHARGMRIILDLVVNHTSDQHKWFQESRSSKDNPKRDWYIWRPARYVDGERKPPNNWVSNFTGSVWQWDEHTQEYYLHLFCPEQPDLNWENPETRQAIYKSAMEFWLERGVDGFRVDTVNMYSKGEMLDAPITDPGSEWQFAGYQYCNGPRMAEFLGEMNQILEKYDAMTVGECPHTPDMKRVLKYVSAKEKQLNMVFQFDVVDVGQGPYKFQTTPKNWTLPQFKRAIARTQDLIRPSDGWTTVFLENHDQSRSITRFTSDAPEHRVAGGKMLALMMCALSGTLFIYQGQEIGMTNFPLSWDMSEYKDVDSSNYYKMVAARTNNDPDALAAAHASLQHLARDHARVPMSWSTAPHNGFSPAKPWMRPLEDAAVCNAKQQQSDKTSVLAFWKRMLQVRKEYNDLLVHGQYDDLDVENEDLFVFSKTWQGKKAVCVCNFTDKEKQLVLPESVAGQKMELLVSSVDDVEEKELAAYEGRIYLLA,572,1.2335432549668859,-0.2098907232284546,3.3323230339448364,-1.2036696685683854,-688.4990504211164
